94,0441675743,1
21,0441758800,4
77,1577310160,3
15,1563824906,2
94,0440226694,1
35,0764154036,5
75,0844255475,4
7,0226308278,2
11,0373761023,1
50,0060935863,1
51,1558850910,2
64,0373027338,1
34,0436065053,3
92,0373810148,4
99,0340225335,2
99,1576730298,3
7,0020199309,3
70,0743214595,1
84,0441329918,4
76,1564582035,2
34,0595235395,1
74,0806974702,3
16,0140157409,4
92,0440114764,1
91,0345435648,3
45,0140274294,2
20,0452281431,2
17,0970263201,3
61,0590423649,4
73,052129424X,2
81,0671729616,3
18,0373096046,5
71,0330348485,4
34,0848714547,5
14,0345356667,4
86,0575058277,4
2,0670030201,4
26,0373104294,5
46,0941355012,1
2,0553264087,2
70,0671002740,1
82,0312204930,3
99,0140189416,5
1,0679870407,3
70,0671733230,1
18,1400033713,3
13,0373110324,4
3,0340657987,5
54,1564740323,4
74,0671822284,3
96,0947782753,2
68,0373033486,1
16,0921285299,3
46,0380731460,1
41,0373288212,4
25,0553154818,4
75,1857990633,3
96,0446604143,5
68,0380003864,5
16,0534530060,5
87,0425194396,3
79,0151006210,4
5,0933087853,2
43,0316697702,5
86,0435900889,3
16,2070408450,1
81,0553801694,2
39,0439097029,1
65,0722513607,1
90,0771027427,2
9,1550417487,4
46,0517338416,1
98,0060093161,4
22,0806524103,3
31,0471575178,2
86,0708848400,3
49,0803705190,4
57,0304357855,5
21,006024240X,1
33,0299090043,3
81,0962015709,2
31,067162752X,2
38,0140390707,2
48,0843937939,3
60,0821753592,4
86,0395284120,2
35,0452269253,3
82,014043576X,2
58,0449905071,4
40,0070581037,5
36,0451206363,1
95,0312421974,4
59,0679725350,5
38,0722506880,2
44,0345435796,5
65,0312976828,3
58,0671527029,4
95,2748500245,1
68,0373710968,1
3,0786889705,2
73,0061098736,4
37,0425127729,4
59,0807820636,5
72,1570761930,3
96,0882664646,1
51,157584169X,3
38,0380848228,5
84,0892211946,4
82,0449147940,5
48,0134435087,3
67,0752511955,2
67,0690566379,1
64,0451150058,3
38,0451192125,2
97,0385048602,1
26,0028642333,4
65,0679428593,4
71,0440217296,2
95,034064026X,3
76,1853264385,5
58,0689869843,4
41,3257229704,2
23,0761314660,4
86,0786706309,3
23,0451081021,2
12,0130994367,2
57,0803270720,2
47,0749733330,3
31,0373222416,4
73,0747531544,1
44,0520242335,3
82,080728162X,1
24,3423030232,3
25,0385721897,1
89,0345316479,3
42,0870743414,4
58,0884862186,1
7,0345284852,4
42,0061005258,5
93,0870816713,2
53,0553291165,1
15,1582701008,2
39,0804119821,2
99,0373192045,3
78,0373764634,4
71,0316604917,4
28,030798818X,1
53,0345394283,2
82,3478083141,4
48,037581065X,5
41,0944276733,5
65,0916856186,4
38,0385490925,3
43,0061043982,1
70,0786709782,2
61,0938817043,5
84,8483101319,3
75,0810943964,3
73,0590225049,5
70,0887505716,1
69,0140327134,2
84,0894803700,2
56,0898798094,2
99,0679429077,4
11,0942679253,3
8,0671638548,4
10,0684801566,2
39,0451144058,2
62,0701129069,5
51,2070378225,3
92,0816716951,2
29,0879972734,3
31,0553106309,1
14,3426273098,2
82,0061081752,2
90,0449210189,1
8,0451453042,3
48,0300023731,2
75,0316585815,3
36,0140125949,4
23,0310220025,1
88,0307128342,5
26,2264008539,1
91,9972847012,4
71,0141311495,4
76,3492260624,5
66,0898704367,4
10,0821761226,1
34,0345297229,3
85,0449238954,4
45,0395272718,1
1,0520204395,2
57,3442237386,2
76,1404347887,5
57,0316355151,4
10,007137048X,4
96,0671571753,2
78,0060804211,5
6,0721455190,4
10,0061014109,5
27,0802130704,2
87,0345253647,3
36,0590282794,2
55,0671649620,2
85,0307121380,3
63,0892817615,5
30,0060956658,4
46,0570075068,2
8,0684802856,4
83,8433920979,3
68,0821737430,5
35,0575040726,2
96,0684870185,2
29,0307001245,1
38,0440404029,2
87,3821809337,4
9,0553284266,3
27,0451205987,4
21,0140586776,2
4,0399130942,5
19,1841190454,4
22,038073009X,3
94,0671729012,4
8,0713466286,5
50,8473802152,2
54,0316142433,4
46,0671228099,5
6,0451627237,1
17,1863780068,4
47,1562011073,2
27,0764221094,1
8,1593150180,1
26,0534526772,2
24,0140440488,4
17,0879975652,3
40,0380787970,5
51,0373031211,5
28,0787116807,3
61,2743603410,3
73,0803717598,3
77,037309227X,1
98,0882900110,2
6,0515132047,5
98,0439207843,3
91,1564782980,3
91,0871130173,5
48,0972948503,5
38,1879483033,2
16,044175760X,3
26,0825428688,3
29,350251755X,4
27,0521391121,2
29,1400049733,4
9,0698304888,3
85,3442724074,3
79,0385320329,3
79,0307117375,1
28,0425156877,5
64,1561387150,5
24,0893011150,5
74,0131867016,4
34,0805000003,1
89,0802137989,4
41,0911647155,1
44,0821710745,4
80,8481092185,3
12,0811212394,5
20,1929317999,1
56,0553479423,3
22,080370271X,5
56,0380772167,3
70,0395257212,5
41,0373245491,3
97,0373256086,5
11,0552140783,4
68,0740713914,5
25,9548240300,3
74,0810933519,3
61,0373223870,3
38,0345350502,3
45,0446527289,2
77,0394517644,2
23,0070351007,2
40,1882647246,4
69,0060234954,2
2,9993584185,1
74,0814614191,1
83,0060955406,5
51,006105657X,5
35,0812967658,5
28,0345334698,2
1,0553159194,4
30,0307096807,5
20,0679813446,5
10,0393319822,4
21,8484602044,4
92,055312448X,2
71,0727848976,4
77,3717581546,3
87,0878574581,3
53,0812533720,4
21,0843949848,4
66,0590730932,4
82,012300330x,3
77,037316565X,4
74,0399227741,2
68,0380003821,1
41,045120865X,1
15,0060565624,1
91,0374177082,3
96,0140504354,3
96,067165263X,5
18,1572242558,1
83,034020480X,2
2,0330106961,2
12,0553298682,5
34,0373898037,3
15,1565480244,5
91,0764152319,1
24,0671831909,2
71,0552997692,3
29,0399139540,1
58,0813524660,1
39,0352337311,5
28,1861470592,4
25,0440205646,3
28,1931561044,5
24,8401351545,3
57,0736900489,2
22,0671628844,5
60,0385502435,5
15,2700017609,5
75,0373033966,5
17,2070393631,3
28,2070518019,5
29,0910119813,5
18,0553219456,4
93,1564144852,1
46,082122008X,4
14,0028640055,5
74,0312262884,4
64,0192813498,2
24,0553286358,4
38,076455395X,2
79,0791012476,1
34,0688139914,2
12,0471850454,1
84,0425135004,2
98,0764544454,2
9,8441409277,5
8,0674094514,1
66,0440211972,1
29,0802411452,5
22,0373227752,4
94,0671737805,3
79,0133143023,4
21,0722515251,5
96,0440508142,3
8,0590324292,3
80,1883523567,3
73,0135082277,4
51,0816619956,1
91,0393317048,5
91,0345446860,5
87,0894808079,4
62,1575131013,4
80,1563898004,1
36,1567181643,2
36,0515085685,5
3,0816011680,5
55,0395484006,5
20,0397320515,1
74,0300089791,1
72,0842343253,2
57,0451212827,5
5,1561562092,1
84,0373708483,4
41,0375704906,4
74,0373263074,5
90,0451526066,2
8,0570060117,5
24,0373614764,4
15,3701701636,3
35,0876662661,1
84,0670820121,4
1,0373700237,4
51,0809015838,2
66,0671422987,3
83,0345403339,3
77,1841951226,2
68,0517331853,4
26,2253004219,2
47,043904362X,5
35,0801010276,4
95,0131661337,4
27,0722129866,4
38,1931514186,2
54,0064410862,5
8,0385152728,4
30,0070721939,4
65,0192823825,5
13,0806994525,4
13,1576738590,4
7,1400062535,5
29,1560252774,1
76,0684833492,4
43,2842611276,4
5,3442440688,2
46,089281490X,2
11,0877935726,2
39,0380780208,3
48,0517405067,4
42,0618189297,5
23,0441011764,1
89,037326240X,2
75,0064410730,2
57,0684839326,4
32,0439379695,5
97,2070374742,2
65,0440159407,4
52,0786014318,4
91,0679725350,3
45,0452261341,4
31,0380899841,5
88,0023251700,5
16,0679885935,3
61,019283505X,1
14,0394742346,4
40,B00013AX6W,2
4,0531101479,1
57,0525296107,4
81,0517130572,5
57,1557344655,3
27,0263819442,5
90,0889994803,2
69,8401570506,1
82,0399136487,3
63,2246586313,3
34,1569717540,5
12,0307211231,3
44,0960488421,5
60,0028638360,3
16,0140441271,4
98,0671560603,5
78,0446604208,2
50,0786500417,1
84,0517122707,4
18,2764103239,1
79,0683046012,2
72,0399103163,2
67,044920085X,4
55,0802079695,2
42,0439446171,5
17,8408028480,2
57,087449690X,2
7,0307608697,3
1,0441805868,3
74,0061056669,3
48,0451167570,1
11,067178045X,4
82,0140341323,3
40,055315527X,3
67,3453082486,2
16,0931188571,2
42,0670033006,2
37,0805052224,1
54,0671665804,4
76,0786861495,4
2,0684850796,3
34,0553298518,1
74,0451200187,5
68,0671624857,2
82,0553280791,1
21,1561381446,2
62,0590477625,4
75,3404148495,4
23,0373805357,2
19,0553291289,1
12,014006222X,4
26,1557508216,4
45,0440401372,1
8,1931709807,5
79,044922368X,5
61,0060084022,2
77,044107958X,1
78,0595321895,5
41,0805779604,4
65,0873376072,2
43,2253011797,2
12,0754801810,3
72,0356232700,2
56,272341910X,4
97,0553279742,1
50,0609608479,2
11,0963305107,1
27,0520207289,2
3,0671441914,2
92,0460874934,4
42,0312971532,2
53,3789141119,2
72,0747539189,2
94,0373262477,3
47,0954759907,2
69,007881653X,1
28,0440410460,3
34,0373105916,5
63,0590122444,3
8,0312957742,3
55,0312395787,3
17,1855494981,3
25,0718124383,4
57,0385266707,2
68,0440466091,2
62,0671460552,4
42,0590228536,5
90,0385242905,2
69,0679412093,4
91,038097570X,2
58,0708841996,3
99,0806505494,3
45,0553220144,5
31,0064403750,5
3,0812534905,5
65,0373095457,5
49,1550010085,1
29,060609511X,1
30,2070322793,1
87,1561006378,2
42,0440088828,4
6,1889538000,2
52,0764550632,5
61,0373119224,3
8,0807820636,3
47,082173024X,5
11,0886774209,3
9,0373106165,4
94,156282368X,2
53,0670827711,1
15,0425139379,4
93,0140297790,4
39,0590462660,2
82,0785939636,4
35,0312135092,3
65,0446607134,2
39,0805461957,2
64,2253149594,1
10,7215995240,3
12,3499223910,4
97,0312098782,4
25,0805019790,1
4,0062510096,4
50,0451456645,3
39,0871352427,4
92,0241902576,1
30,140190131X,3
62,0312890001,3
63,0380809273,5
64,3499129981,2
81,0804118620,5
65,1575666634,4
37,0883510022,3
52,0505525917,1
21,3426772574,3
82,1401300588,2
50,0671247727,5
96,0708831338,1
67,0967990904,5
9,0440952085,4
98,0345295684,3
57,0373109040,5
38,0312976992,3
29,013001687X,1
78,0451205987,3
52,0740733281,5
14,0330393294,2
54,0140109269,1
34,0743411404,3
9,8817660760,3
47,0028640055,5
37,0785804382,3
69,0156837501,2
78,0816024391,1
86,8420618055,2
21,0299197549,4
25,0811824225,2
24,0451404181,3
37,0882901567,5
39,0441007287,3
8,0590451685,1
49,8429716823,2
29,0822013614,4
74,0570050391,2
87,0831739932,1
94,082340661X,3
25,0201407760,2
5,0716620006,4
18,3548243339,4
21,0452273455,3
81,843502704X,5
73,3548248950,3
81,0440406692,2
48,0747245614,5
70,1570716439,2
47,1583330844,5
57,1859581757,5
40,847901363X,5
57,0743242734,2
76,0805031278,2
29,3426617676,5
97,2253058912,2
77,3761550588,5
41,0441138764,4
46,0563206012,2
55,0590228684,3
13,0140064869,2
64,071800051X,5
54,3499136651,1
71,0553447106,3
6,1561737119,3
20,0380725169,4
98,0786001429,1
86,0864423969,5
77,0451206371,2
88,0679461191,2
49,076218857X,4
40,0895871637,5
1,0446672394,4
85,0963094424,3
79,031226142X,4
38,2831562457,3
88,0373711972,5
44,0806519096,3
51,0933585136,5
7,0893463272,3
12,0743470915,2
81,0911654690,3
57,078532786X,5
95,0385314353,4
90,0340265256,3
8,0425053008,1
79,0786707860,3
35,0689803338,3
52,3404145461,4
51,0871137267,4
73,091846451X,3
9,0380769646,2
5,0684824353,5
13,082177459X,4
93,0892813385,2
21,0394329783,2
98,0345347536,5
1,0451453778,2
67,1884910432,4
24,1564587193,4
62,0826412769,2
9,0553070428,3
60,061819729X,4
31,0395437482,1
6,1860194192,1
46,0737303875,4
90,0688172962,5
10,0600393941,3
68,0460875752,1
50,0738202053,5
41,0879852429,4
40,0079121837,4
14,0590544292,1
77,039395739X,2
2,1873741650,5
2,1879557495,4
35,1565970039,4
9,1582431264,3
12,0525933549,1
3,0933269056,4
31,1857099036,4
93,0373070918,2
20,0140340343,1
91,0373078900,5
84,0451400216,1
69,0553298518,4
35,0520070070,1
66,067187876X,2
87,225316058X,1
4,201243620X,2
92,0864420897,1
33,0671693387,4
77,342304439X,1
98,0586064427,5
63,0345425928,1
7,0140433171,3
1,0515054437,1
41,0393009491,4
64,0373026617,4
58,0582528232,1
97,0590108859,3
1,0806986603,4
76,2070386341,5
94,0671741519,3
63,0380757893,4
15,0060183306,5
39,0744000696,2
29,0140383344,5
15,0062554948,5
58,0689849222,2
58,0201696517,5
6,8420603708,2
46,074752694X,3
12,0029340020,2
4,3492116205,3
76,0373642946,3
84,067169071X,3
19,0446361356,5
36,0672302497,2
50,0471238473,5
48,0590488120,4
95,0879977981,2
75,0425166392,4
66,0842364412,4
36,8420637467,1
42,0679407111,5
94,0812544501,3
55,0531059324,4
35,0943914795,2
30,3898500594,2
7,0395744415,1
44,0316583502,5
61,0385128266,4
26,0751501972,3
60,0374520089,3
76,8420725935,4
40,057369155X,4
31,1928916023,5
22,0060927615,1
80,0689710666,1
54,0679741151,3
21,0385495404,1
75,0893759988,5
28,1561387487,2
64,0877731691,3
70,0124558399,4
57,092183313X,2
25,0670268968,2
47,1880284545,2
67,1551432102,4
59,0395669561,1
79,0452273455,5
15,1864502304,3
41,0393034879,1
41,042516781X,2
20,0140380051,5
60,0743482603,1
11,0446532150,2
6,0023045507,4
48,0830628223,1
2,1582342849,4
68,9176435245,4
35,0671036300,4
89,0140252657,1
54,003008685X,4
65,0399150463,1
50,0064472809,1
52,1854582070,3
37,0671676849,2
84,0373254040,5
27,1566867142,3
21,3426607301,1
21,0883961970,1
10,0312863861,4
30,0064405842,3
60,0380731223,1
53,0140132317,1
44,1565107047,4
28,0849331366,4
65,1854874063,4
46,0394406192,4
12,0763617040,1
39,2253023906,2
85,0517150646,3
60,0345391136,2
3,0727845594,5
69,0393951421,4
87,0445408006,3
33,0785272798,4
13,0688109721,1
55,0930031938,2
25,0771576412,5
66,0373706561,1
59,0670036145,5
75,0446607533,2
46,0679437339,3
57,1578564182,2
6,0969418043,2
30,0874065925,4
8,0835607690,3
44,1567511740,5
71,0316115959,3
63,0140505512,2
39,843392012X,1
58,0803267355,3
55,0380772574,1
69,044661033X,5
18,3423203226,5
71,1565049810,4
86,067080360X,3
86,0765308738,1
98,0671628860,4
7,0801844029,1
11,0883966395,2
36,0192833731,5
12,0001848461,4
65,0345371615,4
53,0859694984,2
26,0373711603,3
52,0671744690,4
15,0929638298,1
61,0140372482,4
85,0446404136,5
96,0517528436,4
71,0875961517,2
76,043545353X,1
38,0373703228,1
64,0312086601,4
42,0385722370,2
4,0521357454,4
73,0821764195,5
19,0582077834,5
72,0028647904,2
90,2020063875,5
52,0749931892,4
13,068480428X,2
57,031294165X,1
17,019282726X,1
44,0538811870,1
24,0374419302,5
71,1859847633,4
59,0895770938,5
71,0394837320,2
47,0425157547,3
59,1901881520,2
83,0671442376,3
9,0669178438,3
69,0393315797,2
19,0738840459,3
98,1573581038,2
77,0140176608,4
80,0590330721,3
62,0521452244,3
21,0684859017,2
48,8439508174,1
46,0517583372,5
7,3791530151,1
70,0671694480,4
59,0340861703,2
10,0394936752,5
50,0737300108,4
26,3462019821,5
70,0003277585,1
54,282541154X,5
25,842063848X,4
84,156836167X,4
94,0345334531,4
26,0806517204,2
85,1851492895,5
43,840133084X,1
69,0679022244,5
86,1585420522,4
28,8426411207,3
42,0864423950,3
46,0375825010,2
77,0380792478,5
88,0385036914,2
78,0721705510,1
31,094047333X,1
58,0590457071,5
92,0310501202,5
34,0863563805,3
30,0373825781,4
82,0380804891,5
22,0751517968,1
45,0130891347,2
28,0778320340,3
28,0060111011,2
4,0878339795,5
99,0812550609,5
42,1576731979,3
2,0440235286,1
90,9631327930,4
64,9186168150,4
96,0449907058,5
45,0375414053,4
27,0812096762,2
26,0486209911,3
47,0310234840,4
51,0786862068,5
57,0933716168,3
85,1550502077,4
25,0061080543,2
5,0738208000,4
71,0679437320,1
59,0822011298,2
66,0816500312,1
55,0440921627,2
62,067940273X,3
60,0451455452,5
80,1842326775,3
47,0679879358,1
34,0613295803,4
84,2266111566,2
31,0691015767,2
95,0974294918,5
36,0312192967,1
34,0706407849,1
4,155152032X,2
96,0805035842,4
45,0590540823,3
2,0192761870,5
85,0395572274,1
34,3442431964,3
74,0060192321,5
23,0060392622,3
70,0451206649,3
88,037541472X,3
17,0743219465,5
72,068806700X,2
20,1592170005,5
20,0743204387,1
1,0886772400,5
72,0786220651,3
15,037319529X,4
54,0821225642,4
56,0439104661,4
97,0316075930,5
25,0426200616,4
72,156333609X,3
13,068808740X,1
33,0061051721,2
15,0771069618,3
95,0373159595,5
26,0590945556,5
77,1555424465,4
59,0836221877,5
78,0060176156,3
8,0395919118,5
11,2266003682,4
79,1850891249,2
38,0595163769,5
63,0671877364,3
82,0399152172,4
8,0340610808,2
13,3502513090,1
49,0590849093,5
18,1895837375,1
18,0812512766,1
30,1574860216,4
88,0425123448,2
99,0671668315,4
83,0590983253,3
96,1844428095,4
68,059043649X,3
73,0380815605,3
65,8423335127,4
24,000672888X,2
15,0553232231,3
65,0373174381,4
18,0471550507,3
5,9508380357,4
87,089886397X,5
42,0739407333,5
98,0671439308,1
41,006050675X,4
63,0316917338,5
97,0345350723,5
57,1579730094,5
6,1877988308,3
56,0553487264,4
39,0062585649,1
41,0590566431,3
86,0330492047,2
41,0201734834,4
22,0689811047,3
98,080699505X,4
56,0811201856,3
47,0373872585,1
15,0090037405,2
68,0765309505,3
92,0875965709,4
13,1558213120,2
46,1564586138,3
38,0552143855,2
83,087584801X,3
14,0380788799,5
59,0802134297,5
94,091358956X,1
9,0226616010,2
59,0942979710,1
82,0373224443,4
58,0595221629,3
15,188602832X,1
42,0517567121,4
38,0785272798,3
69,0970575203,4
3,0932511546,4
21,0373120826,4
71,0553283871,4
59,0333781627,5
61,1853260819,2
25,0195805763,1
51,0553151746,2
78,8420425222,4
40,9508520140,3
28,0471369780,1
5,0849930529,2
53,0933216785,2
56,1580811825,5
42,0385089694,3
29,0696025523,2
12,8878186880,4
49,0373650175,4
24,0373703805,4
5,0553280430,2
88,0672311402,5
87,0842335560,2
14,1931514763,5
73,1560062193,2
96,0140071997,2
26,0752300032,3
28,0694015806,2
15,0060155663,4
80,0805051805,1
80,9813056606,3
87,0613206339,3
74,002037500X,3
42,061813932X,4
46,0140467890,5
55,0786249587,5
60,0811211983,2
60,0877851581,3
77,0394588673,4
48,2070426297,4
76,0898150329,3
49,0843111968,4
82,0451164180,4
75,1896332064,2
4,0517288451,4
67,0671015389,5
51,0316116106,4
87,0060502835,4
68,1931514984,1
51,0446327778,2
34,0061054208,4
35,0380791544,4
43,158297005X,5
91,208081219X,5
71,0809434091,1
36,3401045849,1
68,0395904927,2
52,1556342357,1
33,0679402829,1
90,0880389168,4
98,0671885782,4
70,0671024086,2
51,0515126071,2
34,037331163X,3
1,0684847965,5
78,0821766880,2
23,1586104330,2
56,0446314692,2
41,014070714X,4
30,067169779X,5
53,0802733743,4
32,0671551590,4
78,0870117009,5
20,0882706950,3
52,0971884005,4
90,0517626098,2
49,014036028X,5
74,0609606824,2
62,0812531221,3
26,0061002062,4
95,0891918841,2
81,0060011602,3
38,8440684096,3
8,0515136530,5
8,0192833723,4
90,0002250810,4
46,0451208153,5
3,0373290128,4
5,0590307223,2
9,0747274479,4
1,1570825254,5
87,0822463717,4
32,1878067214,1
21,0385729758,1
26,0749838809,3
27,0198227868,5
68,0395726182,2
6,0373094264,3
36,1565921232,5
96,1562398407,2
87,0312252714,5
13,1858287197,2
22,0395219906,4
73,0449223043,2
31,0515054321,1
43,0380764105,4
60,0440192625,5
86,0670836206,3
40,0373441827,1
26,0679808566,2
47,0887309119,1
33,0843944609,4
85,082736394X,1
28,1410762114,1
44,031218042X,1
13,0553713205,3
67,0821763075,1
51,0440206332,4
8,9230035807,4
97,0237519984,1
60,0812551575,2
42,0439305330,5
43,0380423901,1
23,0140480013,2
15,0805007113,2
78,1858285119,3
50,8806160427,4
22,0140390103,5
46,1565270789,1
35,0226848728,2
88,0762102519,2
81,0674212983,5
75,0671730746,1
7,067165604X,4
28,0312860633,3
13,0140432175,4
24,0821727257,1
46,037370240X,4
78,0061063959,4
17,0201959941,3
42,1592220010,5
70,0006915612,4
20,0137976399,3
67,0789489597,2
68,031070250X,4
18,0895774836,1
53,1580084400,5
52,0821717626,3
75,0142004405,4
68,0380799103,4
1,0399137831,1
49,0821764195,4
81,0201360829,3
17,0486285073,2
70,0441166210,4
85,0375803386,4
81,226603071X,1
63,0553210246,1
34,0553353365,1
4,0395877563,2
22,0816710376,3
22,0446942707,1
60,0843933356,5
11,0151003548,4
38,2080701037,5
49,0205297927,1
98,1591821169,1
18,0195092740,2
71,3423703032,1
19,0756400511,2
21,0201103508,3
76,0553233998,1
97,8482567365,5
80,0380813815,3
45,0380765276,3
85,0440457610,5
57,0517006650,1
11,074251241X,5
66,0553561340,1
26,0385120885,2
19,0060937823,4
70,0525248234,3
51,0446361100,2
10,0375814469,5
51,0883684152,1
16,3784427928,1
43,0812551583,4
48,0688137105,1
95,0893891517,1
68,1570823847,3
22,034069310X,1
37,1557280762,4
44,0446674575,1
77,0425189449,2
11,0751532967,5
69,074754204X,4
82,0394849515,2
98,0863161995,2
18,0671604309,2
71,0746023634,3
26,1578630037,3
68,0131654233,4
11,0881490075,3
26,0744590116,4
80,0809015862,4
21,0345406036,4
93,0373073151,4
5,0396080634,5
97,0967605067,1
38,0520209680,5
29,0786818646,3
10,0380455757,3
84,0425194035,5
94,0688173691,2
17,1582700494,5
33,1557504199,5
73,0590056565,4
38,0723248311,5
69,0373032951,3
26,0743251148,1
79,0425141535,4
20,0898795400,2
18,0671560867,2
64,0374177694,2
15,0451178033,3
98,0688148948,4
67,8466302956,1
85,0743423682,1
83,0451518780,5
10,0425058557,1
45,0684800950,5
38,0316458112,5
53,0373482779,5
41,0395181569,1
73,0874779472,1
9,0674002733,1
7,0679430679,1
88,0385333161,1
89,0671786334,1
93,0805063269,2
82,1564585158,3
99,0920474500,4
39,0316121568,1
88,0023705027,3
93,2264008229,4
80,0883686031,2
16,0061002968,3
45,1551801892,1
73,0394894596,1
54,0373037651,5
20,0783541147,1
98,0263817067,4
21,1556342012,5
13,0671711172,5
32,3453137582,2
66,0681005718,2
14,0517574543,4
73,0684869497,1
32,8174480277,3
61,0140264892,4
6,0340849045,1
30,0304334839,5
12,0753101408,4
81,0762708115,3
39,0373058004,1
20,1903275016,2
47,0670896950,4
54,0330021095,1
55,0679419861,3
29,0811823318,2
66,0553761900,4
4,0886771293,5
49,0141301155,2
75,0340765992,3
63,0816712204,5
6,044022814X,3
21,0962622826,1
5,1413900216,1
12,0872165736,3
53,3596146453,4
15,067188218X,3
82,0131983334,3
44,0943151341,2
90,0140542426,4
16,3813500519,3
18,0747244081,5
64,033035082X,5
33,0425093328,5
58,0340786124,3
73,0449126560,5
71,1858330440,3
91,0440129257,2
38,0670820989,2
82,0590673270,1
59,0316161306,5
49,0060988940,2
13,0373057547,3
70,2266027263,1
40,0451452860,1
32,1853261297,1
29,0385254520,2
71,0843119098,1
90,0963781618,4
15,0345346777,4
19,0385312628,4
70,1861470592,2
22,034524866X,2
25,0373160518,1
31,0394888723,4
36,0114958122,4
29,0879514981,2
92,0395441781,4
69,0060969350,2
40,0394716418,4
43,1901243001,4
23,0373613156,2
65,1888232048,4
21,1880654040,4
90,9507399232,1
47,0812579887,2
73,0061083887,2
48,0140096922,3
45,3492229875,4
78,0373764758,4
31,0380782340,4
77,0670825689,1
96,0394586093,4
95,0441630901,5
53,2707303208,2
53,0553579207,1
26,0684812274,1
29,0373288204,5
94,8478807535,3
63,0742643352,4
81,0679008497,1
16,0553212982,4
80,067087616X,3
56,8478082980,2
15,043921517X,4
35,0877731268,3
80,0819143847,5
42,3257219946,4
59,0684869152,3
17,034026361X,5
42,0072556390,3
56,0192880721,1
51,0805054944,1
36,8488550308,3
99,0460873857,2
70,0425053458,4
50,0882405322,4
89,0373168969,5
22,0807118036,2
26,0590481339,1
32,0801845882,4
80,2070513742,5
93,0810928833,3
30,0312274548,4
23,0671501143,3
68,155773710X,3
59,0688108121,5
16,0895770881,2
26,0671761927,1
1,0333334027,5
57,0440019869,4
80,0743229177,5
95,0825429080,2
95,0440218969,5
57,0800785975,1
47,0449143546,3
64,0804111227,2
4,0553263412,2
37,0330415158,1
20,0932813992,4
33,044021579X,3
87,0553382063,2
2,006093316X,2
3,033031100X,5
49,0380703254,3
9,0830817255,5
94,0446674176,5
89,0684837145,1
85,0253189896,5
46,0134709071,5
32,0743255984,4
66,1580624561,5
7,0446670405,4
63,0698116151,5
1,0590407376,4
26,0380732025,5
5,0373482574,4
63,0152259503,2
6,0830823123,5
19,0321125606,1
8,0192816888,5
71,0517222477,1
83,0517578220,3
10,3822860867,2
39,0891416382,1
50,0373245947,5
63,0140287957,1
30,0679445900,5
66,1931561257,3
19,0446676616,1
62,0061055328,3
81,1853264849,2
92,0765342812,1
20,185227686X,4
85,1576600874,4
61,9502801679,1
65,8478447385,3
37,0747545774,5
65,0671447343,3
65,9051420358,1
63,8420447714,3
39,0553563270,4
17,0964948605,4
73,1555837425,3
44,014032903X,4
23,0140275576,4
55,0385153597,4
53,0886714044,5
78,0590411004,4
29,3462030159,3
61,0515068594,4
16,0671607758,2
26,1884592406,5
87,0345414071,4
78,0887482848,3
8,0393959333,2
79,0752515667,3
36,0553281968,4
81,3404148770,1
52,0060670789,3
37,0803277660,3
37,0811804453,3
9,0971341591,2
99,1563706083,3
39,0860688690,1
26,0930289722,5
30,0743222261,3
61,0889771138,5
2,0486275434,4
87,0821762842,4
43,0345386256,3
17,0382106660,4
14,0517205483,5
96,0486280462,5
48,0373258410,2
45,1565302370,1
24,0842352929,5
21,0807064459,3
33,1558583270,4
2,1591824729,1
43,0679018050,1
75,059043909X,4
60,0201068370,3
89,0671002759,2
22,0152006745,2
48,0812096673,4
1,208070429X,5
98,0425087395,5
4,0451209451,5
92,0345459946,4
36,3404162374,1
99,0609602217,1
72,0231067356,3
79,2894641214,5
55,0969332262,3
43,0670849146,3
96,3453021452,3
3,0373890109,5
42,0870443364,3
16,2070767140,1
31,0843924322,4
86,0679740791,4
20,2070405915,3
15,1565926536,4
8,0590568787,3
85,0471622605,5
30,0671556657,5
39,0553217917,5
75,0486217507,2
96,0451453980,4
35,0671795147,5
30,0716747014,3
43,0330028987,1
28,3466303931,1
35,0671613502,5
60,0375811753,2
53,0898797942,1
58,3423242663,3
15,0385490526,3
80,0671641395,5
40,158579015X,3
21,1592864449,1
58,044017788X,1
64,0553204831,3
65,0671001779,4
23,0380785188,1
20,0867530014,1
98,0553014919,1
55,0340684585,5
4,0771038097,2
4,091886044X,3
55,1558320601,1
91,0671799568,5
12,1566046173,3
31,1555834949,2
86,0964819104,2
48,0140422587,2
79,0399517375,5
62,0140008217,5
93,0373805411,5
4,0394843746,3
23,0671884271,3
13,0451165004,3
1,0882951017,4
63,0060080485,5
83,3423041498,1
55,0307122107,5
54,0142437182,3
64,0140015450,5
53,0385335377,4
59,0440840007,4
36,0704349221,4
74,0718131797,1
47,0439107997,5
70,0898794838,1
69,0192750755,1
26,0738861618,3
79,2867660211,2
13,0140546898,3
22,0373287801,5
57,0471821888,5
81,1576739376,4
92,0028611659,3
44,0136903223,3
39,0373612044,2
9,2070375846,5
60,0880297220,5
97,0670804339,5
81,0380798956,5
47,1877741078,3
72,0310328519,2
89,1576101924,1
36,1880141981,3
49,1569751714,2
52,0394493257,2
10,006447027X,5
36,0967185157,2
28,843206534X,2
59,0821764810,3
41,0394579186,1
40,2070382842,3
75,0316109932,5
51,0870998161,1
16,0859539121,3
59,0375500715,3
98,0701137819,2
51,0394489780,3
10,0609803875,1
39,0373271816,2
73,0312140819,1
23,014118552X,5
54,0425192148,1
77,0375725059,5
99,0671683144,1
7,0671750267,1
77,0571112129,1
36,0395291836,3
50,2207251071,2
14,0515058548,3
72,1841953385,1
7,0781807662,5
32,0373440405,2
59,8483102307,4
25,0515122084,5
40,0553087231,2
91,1566190940,1
41,081292150X,5
38,037550916X,2
76,1594480001,3
49,1581800193,1
20,031298359X,4
26,3518368575,5
46,0201523949,1
53,0425193993,2
85,0747802688,4
65,0195160428,2
66,3423204117,2
25,157082455X,5
64,082480287X,4
31,0684849577,5
61,1840841842,4
19,1840464003,3
93,0345427270,3
77,0451139135,1
21,0451450787,4
76,084233307X,2
35,030768119X,4
70,0553257757,5
1,0385419457,2
54,0553206915,5
4,0440139880,1
55,2226087087,5
42,0761522131,2
39,0312986211,5
68,0394711823,1
20,0505524511,3
25,0061081981,5
41,8489660247,2
7,0307331024,5
28,3442412277,2
65,2020206374,1
27,0974381403,5
32,0375802924,1
42,0375704299,1
58,0373280025,5
8,0316117099,4
73,187973706X,5
77,0743232933,3
51,0920245781,1
10,0133966224,4
55,0316809039,2
6,0449221482,5
64,0060197943,2
71,0376015721,1
41,0679721991,2
17,0380004003,4
14,0449003868,3
72,2290333611,5
89,0671492470,4
72,0877203903,1
39,0330488546,1
20,0684193434,5
71,0823015777,4
44,0007143907,3
98,1573450928,2
49,1555972438,5
75,0840370946,3
7,1563330415,2
28,0804109354,4
85,0505525135,2
53,3499233312,4
3,9505112165,1
31,0844238414,1
67,0787120944,4
76,1877662038,2
19,8432041971,5
77,2020253801,2
59,0471349976,4
99,8433966456,5
41,0793823218,3
69,0783817339,5
70,0373122691,1
58,8804400714,3
55,1403309027,3
97,0374513384,5
68,0425147754,4
97,0671792253,4
82,0771050011,4
54,1558748199,2
1,0060904860,3
15,0879836458,4
87,0440488133,2
2,0525938079,3
26,0373762895,3
5,0824946162,3
84,0773753257,1
15,0809468549,4
79,0671571575,3
21,1560763280,2
71,0553572350,2
48,0312993536,1
24,0449237184,5
2,0553299220,3
34,0380772329,4
48,0843937890,3
81,0330487612,4
19,3442035171,2
4,0802116884,4
49,0192834169,4
4,0688014488,3
21,0140000496,1
45,0310343623,4
20,0425168085,2
40,847880224X,3
21,058253710X,1
18,0345418808,5
80,0452280680,5
83,0743486293,5
33,0823406741,3
26,1557045666,5
24,0679445765,4
28,3801230058,3
18,0345323750,2
55,0671624121,3
96,0425044394,3
82,060960872X,4
49,007036205X,4
6,0312300662,5
54,0812531051,3
70,0807015032,4
84,0553572385,3
71,0140234012,5
4,0963600109,3
86,0471303712,1
8,0451210174,5
89,0380790270,2
66,0966053206,1
51,0553264842,5
67,031231471X,4
55,3423124482,3
92,0590404288,4
64,0373120621,1
87,0449215024,3
19,0380979039,3
98,0020433115,4
90,006445049X,5
46,0688519393,4
76,0446301809,2
95,1856979490,4
36,0671656090,3
21,0972910301,1
79,0374324581,3
61,4311700024,1
6,1582343985,5
47,1853914266,5
5,0061050164,3
96,0878771751,5
93,0156528657,1
76,0590451545,1
51,0312156936,1
38,0688143717,5
25,0880387297,2
28,0691017840,4
71,355177045X,1
49,037361375X,4
69,0316955043,4
33,0848722140,3
9,347835630X,5
33,1592860907,3
26,0345288556,2
85,071483839X,1
21,0140385533,4
73,0192828517,2
39,037312211X,3
80,1403309108,4
64,0380751402,2
95,0312146736,2
85,0345352335,2
60,0373708033,3
59,0064431789,5
26,0373701993,4
63,8420646334,1
11,1575211254,1
83,0449703029,3
2,0821773593,3
80,0312869533,2
37,0888390777,2
69,0886772567,2
68,0330352091,5
31,0918720435,3
98,8432296384,5
85,0802135137,2
63,0802135994,5
3,0304354597,2
98,0517259133,1
55,9684110545,5
12,0903505436,2
23,0688062113,3
33,0747272271,2
74,1891153412,1
12,0870119885,5
98,0671820842,2
42,1562615351,1
73,0874774683,1
35,0425161390,3
73,1585674087,1
34,1886230048,3
18,0439997402,3
56,1559705078,5
27,0399214828,2
88,034544244X,3
1,0452270537,4
1,0915132729,5
71,0765306883,2
16,0749932872,1
46,0060930225,1
76,0875968864,2
10,0806906502,1
92,0451087399,2
84,9580600066,4
76,0553575619,2
39,1565847636,3
58,0395080827,1
11,0312105371,5
80,8401323924,2
39,0393312917,2
34,0671692151,3
69,0394882563,2
89,0671622021,1
97,0373761899,4
32,0679856994,2
47,0375701141,3
26,0394891317,3
98,0439568374,5
13,0937959154,1
54,0684814587,2
28,0064402835,4
43,0553581236,5
82,3000002413,3
55,0786862416,2
23,1586637118,5
57,0517799693,2
28,0440152453,2
93,0307215326,2
24,0425057275,4
97,0268004412,4
40,0446352578,2
27,1883523095,1
63,3129350403,4
8,0380001950,3
57,1401200761,4
58,344213238X,5
17,0451400739,1
22,0553267000,5
9,155661635X,4
8,0310228344,3
99,0439369037,4
72,1558850015,1
14,0743230043,1
11,0671557734,2
46,0441000630,3
27,0671630903,1
15,0971042004,3
32,0668024526,3
34,0866229701,1
95,8489618631,3
97,0439286239,5
22,2253055603,5
78,0879832509,3
99,0373691270,5
10,1555844340,1
12,0892811285,1
18,0446607460,1
44,2070362388,3
49,1861052928,4
80,0897333918,4
65,097077270X,3
85,0688103006,5
28,1582971404,4
92,0441317480,1
44,8441409439,2
98,0486428591,1
69,0887305873,4
38,0553444646,4
24,0517631717,3
10,0553570870,4
81,0373704356,5
24,3789142026,5
77,1888125799,3
58,1581590199,3
87,0823403947,3
85,3442249503,1
83,0345350502,1
21,0060956135,5
50,0671002910,3
86,0689854501,1
17,0912301422,2
64,0060506067,4
34,0747254419,4
75,0425041980,1
85,0816726973,5
85,1570710309,4
65,0345289927,4
4,1551660989,4
19,032107839X,2
63,0671556924,4
76,0486260992,5
44,8408019988,4
20,0936676523,5
42,0684803291,2
95,0517015447,3
88,0517564459,3
12,0440500095,2
77,0440183278,3
45,0689105657,3
87,0140123393,2
60,1585421391,1
76,051714882X,3
39,0312866593,2
71,0394757556,5
52,0553487477,3
95,2723421880,5
93,0517118238,2
35,0812822625,4
19,0440236606,4
5,0044409494,2
47,0312869169,1
68,0821757075,5
78,1404328939,3
50,0440407613,2
15,0671550578,2
40,8475222471,1
15,0821717022,3
6,055328925X,4
17,3596127610,3
81,0553262637,4
7,3821808128,1
93,0440210631,2
25,0140507132,1
38,8811667631,4
35,0893756954,2
43,044970405X,3
49,8479270799,1
19,0553235729,2
69,1592231373,4
93,0874779006,3
50,080075302X,3
37,0061012513,2
42,0609602438,2
68,0595096751,2
34,0553075411,4
7,0307203158,4
49,0091739675,5
55,0849903181,2
48,3570300099,5
38,0811215601,4
79,0450050483,4
43,222109414X,2
51,0448214326,4
44,0373118163,4
32,0684801566,3
61,0030045894,4
3,0316573973,4
63,0590298372,1
63,0385306032,3
92,0810925974,3
35,0891092994,5
52,0312141343,1
80,1573920045,2
59,0385476256,4
37,075151103X,2
14,0060162902,2
85,0446520667,4
4,0517035804,1
97,043940987X,5
30,8440672047,1
94,0671882651,3
21,055329024X,1
79,0679423125,3
63,0966696735,2
8,0449206319,4
93,3453863593,2
91,031220325X,1
61,0515128368,4
97,0062050354,4
67,0823140083,1
50,0312265689,5
48,0446404020,2
23,0743491777,1
49,0330333070,3
8,0878574808,2
31,0330329758,1
90,0842333061,3
99,0684852705,4
95,0393051838,1
88,1551667274,5
61,0595191304,3
80,1862043523,1
21,0312861877,4
66,0373821778,1
78,0446523666,4
56,0451527046,2
28,0373253125,4
34,0006928137,3
72,848688313x,1
30,1560443049,4
64,0910367302,3
93,0684869829,5
32,0393002926,3
97,0373072848,4
29,0571209254,5
48,0006551289,3
78,1841881481,2
30,0786815884,5
90,1853262021,1
53,3518373501,5
78,0373119461,2
86,0880389079,5
24,0439982375,2
10,0684804018,4
64,0785268898,4
46,0373058578,4
39,8485641930,3
14,0670887595,3
22,0440217008,2
42,1560522925,2
32,3404125940,5
65,0816738599,5
52,1569716633,3
44,0752858807,1
87,1893221024,3
80,0062509543,2
40,0822521318,5
2,0684853965,1
3,0825433177,4
87,1552124495,5
11,0515131806,3
48,0375724583,2
47,0374168504,3
22,0385093527,1
23,0449216330,4
43,0553333062,1
66,0952419319,1
43,0380775484,5
69,0515063878,3
61,0674697375,1
46,0553217577,1
60,0910146373,2
89,1558671803,5
75,0373288220,5
6,0060172754,3
29,037369119X,4
21,1580050514,2
95,0307123359,2
76,1890464023,4
78,0373053258,4
96,0895263114,2
74,0525316302,3
2,0449223884,4
96,0671547607,4
88,0765301687,3
34,0399518347,3
91,8483002507,1
2,0860684334,3
22,031214816X,5
52,0373093500,1
48,184249001X,3
24,0887435378,1
77,3404614887,5
27,0793508088,3
9,0471123080,4
26,0741412896,5
35,0446527513,5
48,037322771X,5
62,0843949201,4
90,0802117783,3
26,1588114376,1
79,0671693387,1
18,0393309657,4
61,0749314427,4
47,0805047174,3
1,006000441X,1
68,0671019880,2
67,0399232478,4
35,0749004193,3
30,067170320X,3
68,0060507772,3
85,0373871937,2
55,0385247427,2
39,0964105802,5
2,185984412X,5
16,9627160385,2
53,0425097269,2
98,0307440036,5
89,0553237667,2
14,0394733118,2
53,3612252011,4
29,034532692X,4
20,0553266845,2
5,0140185852,1
89,037303525X,1
61,0553348221,1
9,1573441279,2
99,089564066X,3
80,0373711573,5
16,0590401890,1
92,3453161270,5
74,0609809032,3
82,8804501596,2
17,0440403464,5
55,0886775043,5
61,1555442153,5
75,0935848975,3
84,0312932820,3
12,0380814684,3
25,0825422450,3
82,0140258779,1
6,0374521344,2
59,0590456571,1
81,0735712018,5
43,0913923311,3
4,068480137X,4
14,0345350715,2
27,0395072352,5
9,0373123191,5
6,0553212273,5
86,0871131765,3
62,034540498X,4
24,1551662698,4
30,044040892X,5
89,0345354931,2
56,1583487891,5
49,0553582933,1
52,0671652613,2
41,0375707999,4
60,0743439813,1
48,0671867032,1
7,0140153004,3
61,055327984X,3
65,0395528151,4
41,0590470434,1
80,0023546409,4
9,0812534336,1
21,0153472804,5
34,0340220244,5
20,0762707380,2
17,0061000027,1
46,0449216217,5
95,0060510315,2
62,0312144474,1
23,0821728644,2
74,0881849685,2
92,1566193672,4
1,0060938293,4
32,0812575970,1
54,0312420471,5
38,037382209X,4
41,1559583126,3
48,3770158148,1
40,1576830004,2
33,0471180416,3
55,0553256726,1
57,0425098990,3
41,0716006715,5
15,0373220014,5
93,0373691645,2
11,1562470345,1
62,0451406095,3
30,1853832162,4
86,0142437344,3
86,0486250644,4
6,3426701669,5
43,0152579958,2
11,0312029594,3
68,0811824543,2
26,0007631219,4
19,0440224101,3
32,0684815001,1
10,087938929X,3
73,0312974264,1
25,0886774632,2
5,0590337785,3
52,0671204211,2
30,0760703329,5
31,0700701419,2
28,0449205843,3
21,0553566849,4
91,1566869714,2
95,226605581X,2
94,067165568X,3
51,0140098089,1
45,1558535411,4
40,0060192488,3
16,0590691279,5
17,2010139348,5
41,015506360X,5
21,155850639X,3
56,0679431748,2
19,068417314X,2
59,3627000951,5
20,0764151150,5
77,8401242282,5
34,0060652896,1
16,0373287712,4
73,0449134482,1
31,1861001347,3
99,0812582543,2
56,0373168225,3
92,0919345638,1
31,1562826719,1
55,1565610628,2
98,087923203X,3
67,0609807080,2
30,344235563X,2
91,3466300088,2
85,076791032X,2
21,1573225320,1
44,0671560611,2
94,055337379X,5
86,1580050549,4
63,0895776634,5
12,0075537117,5
39,0380805936,1
10,0671038710,2
30,0671749323,1
88,0312137931,2
71,0140552936,3
30,0441892612,2
52,0671894374,4
4,0931714877,3
86,0373619413,1
4,0671698842,1
44,079357336X,4
62,0816737207,3
50,0894863614,2
72,1892127148,2
96,0684868938,2
8,0896862291,3
65,1860119107,3
52,0553266896,4
42,0590994514,5
92,8420616028,5
99,0670031658,4
7,0671017136,5
60,0679841938,2
12,0140092331,4
19,0931432901,5
91,3821852275,4
83,0140158359,1
41,0877286477,3
60,1892597039,4
76,0553374982,5
93,0740738178,1
69,2264034173,1
10,0156013150,1
74,0702218286,5
13,0312253141,5
59,0373020198,3
74,0449912558,4
91,3405162491,3
99,0140436405,2
96,0446392359,3
50,3423117710,2
25,0876852037,4
87,0812968379,3
29,0060922923,1
11,0060955406,3
43,089577321X,5
92,039417884X,1
44,188939212X,1
22,0395664004,4
25,0688163416,1
76,2290317985,2
40,155634127X,5
32,0486207137,3
17,9186168150,3
24,2020258390,4
12,1580110053,1
66,0721703410,2
14,0307092259,5
63,1557730954,2
3,0966339703,5
82,0912697512,3
70,0449007219,4
80,1583141715,2
78,0764565036,4
37,0970991703,2
31,9971972204,1
86,0553351370,2
10,0842354123,2
70,0380833867,2
12,0882549057,2
87,0446608092,3
16,0671228781,3
64,0694010391,4
54,0938216120,5
57,0440164001,4
37,0373036515,5
88,8467000597,2
77,0312314183,2
22,0802713920,4
71,3423241012,3
81,0070587000,1
65,0312098421,5
56,0380800918,4
4,0307021106,3
98,042515601X,3
40,0671867865,3
18,0786710144,5
79,0374527229,5
9,3492116205,1
9,0843929847,4
97,0671730665,2
23,0671458132,1
73,080728260X,1
46,1841193836,4
43,0151003394,4
33,0263054969,3
54,0747231575,5
69,0563383194,1
87,0812570642,2
35,8433966634,1
44,0553561774,5
25,0812931297,5
30,3404139895,5
4,0941267067,2
35,0525673067,4
58,0943151341,3
61,0671700340,1
32,067180913X,3
73,0590329243,4
49,0965680959,4
90,0767907736,2
48,1552631885,2
19,3596291836,3
59,9029028106,2
60,0394907442,1
84,1881273911,1
17,3442726328,4
56,0312198639,1
85,0449136868,1
11,3423110333,2
30,0553273922,1
92,0275943550,4
78,057369155X,1
56,0373244983,2
81,0525947132,1
72,0688155014,3
53,0060164409,5
71,0671617044,4
7,1580084400,3
65,0590336991,4
43,0816153744,3
91,0914295667,5
84,0590331760,2
48,087341442X,4
93,0471177539,4
68,0689106203,1
69,1879958236,1
40,0671685538,2
70,0345316851,4
43,1889538124,1
63,0894806327,4
53,0373257317,1
76,0671530909,2
62,0312267177,1
49,0920953514,4
13,0812232100,4
60,0786014474,5
58,0746000561,4
30,0889612021,2
31,3453213661,4
9,8435069079,1
22,8441406243,5
97,1850156867,4
65,0345323858,2
99,0669164062,2
59,0300076487,2
30,1895449537,1
89,0140031928,3
8,0446360635,4
69,031331053X,2
80,0870292242,5
55,1560253177,2
69,0702230901,4
20,0449215644,2
76,0553348027,1
46,0771573731,3
17,0373031041,4
48,0887245285,1
75,1592640303,2
71,1569552215,3
93,0805003312,5
53,0816726973,3
85,0563206268,4
74,0446314986,4
65,0425083853,1
36,0451160703,4
61,1556424116,4
42,1841953407,2
28,014008357X,2
6,3502517916,1
2,0821742876,2
56,1883937051,5
96,0375759298,2
53,1557484147,2
67,0375811540,5
68,0751529486,1
44,1564766322,3
8,0786808071,1
26,067974150X,2
70,0821767801,3
65,0736909761,2
34,0373709595,5
70,0310501016,4
33,0786709456,2
77,086288151X,4
90,0553271725,1
31,3423122404,2
45,0028981332,4
64,0006480985,1
80,0804717702,5
97,0531047431,5
14,0451141482,3
60,0060188790,5
75,0812536339,1
49,0440217121,3
20,0451206282,1
15,0425165477,1
49,0821717219,1
46,0898864593,5
88,0312269390,1
52,0201710269,4
91,0064401839,4
91,0451147626,5
37,8311068968,2
70,0684854910,5
48,1564022714,4
49,0596000324,5
39,0764227270,3
89,0151423016,2
93,0590466186,5
8,0803759916,5
14,0373025270,3
23,1572430753,1
83,0688156134,5
16,0609600796,5
86,0671473328,4
85,0812516508,5
65,0618111301,1
43,019281642X,1
38,0895267209,4
10,0307198979,4
91,0374517673,1
86,0373095112,1
30,0312421117,1
80,0373790651,1
74,015600710X,2
1,359612669X,5
10,2246376319,2
73,0553478966,1
1,0881768391,1
43,8432216097,1
93,0912696915,1
61,0445210443,1
86,0553562541,4
27,0894802070,3
87,0373028563,1
69,0140175903,2
57,0806957646,5
58,074340002X,4
5,0893752878,2
36,0440162289,3
37,1551669161,3
31,037319417X,3
39,8401520274,5
78,0931510805,4
2,0061056049,1
18,0373251254,5
27,1560252278,2
12,2253140589,3
56,0711991987,2
47,0671522744,5
50,847880904X,1
23,0312961049,1
40,0451180658,5
95,0340822481,4
77,0786914246,3
33,0440234816,5
52,0804718326,5
21,0201886685,1
3,1573452718,3
52,088365699X,2
12,0006548180,2
96,0943233615,3
5,0373076096,4
96,0670828076,3
81,0440157943,4
73,1884133223,4
90,076132044X,2
7,1874509646,3
57,0553153463,1
49,0064441822,5
25,3404130197,2
30,0609605038,2
38,0912300760,1
8,1563824507,3
78,1582341087,2
74,0517405539,3
89,0451138163,5
14,0874340241,1
55,0671718436,1
23,1550549510,3
4,0520046102,2
76,0373270208,5
45,0696212552,2
1,0590641204,1
8,0385178034,5
60,0440207614,2
25,0679877894,5
13,1582343926,1
68,0446971464,1
96,3570500306,3
13,0330244728,5
87,0385175175,1
18,0028643518,2
50,1565120027,3
10,0880793465,2
14,0385306148,2
83,0771071957,4
56,0471082740,3
41,0765301679,3
98,2070513300,2
13,0312850832,2
65,0880701900,5
92,0761107452,1
93,0373292856,2
2,9500407132,5
36,0312300336,5
84,0006375340,5
80,9505156944,3
61,0590334662,2
60,1558534997,4
72,8401250102,3
91,1841951439,2
34,0060198591,2
25,0520009290,3
25,0747238642,4
49,0553572067,3
82,0451198832,5
67,0060218533,2
45,0439102758,4
21,0871233622,5
66,0060914068,2
58,0307295044,1
23,0964993988,5
28,0307261123,2
28,3453179455,3
49,3423125772,2
21,1555835503,4
36,0582541557,1
16,0395665582,1
91,0394587758,2
65,0684831538,5
18,0385471424,3
18,0440201683,3
94,0142300578,4
51,0141005688,5
9,1400060648,4
29,0060909005,2
35,0888012659,4
3,0689809832,1
30,7800055655,4
68,0871317796,1
71,0505524198,5
47,0822316730,3
55,0937422398,4
93,0425065340,5
10,3423202866,5
36,0393323595,1
52,1585674435,1
69,0449219313,4
48,0071383018,3
99,0517708949,4
71,037322611X,2
99,2246006848,4
42,0553486209,3
48,0060807067,2
58,0312951833,5
86,0517599414,1
45,0425197166,3
38,1932205918,4
7,1575000016,1
14,0451116550,2
34,2277303089,5
5,0674447468,2
38,0694522716,4
68,0061001619,4
98,0786218363,4
42,0449288056,5
50,0373871880,5
69,1567181732,5
5,0761502475,4
57,0451528212,1
66,0898791146,4
2,0517050358,5
25,0312970935,5
14,030765656X,2
79,0749305320,5
77,0380721481,1
87,038530305X,2
25,0385008910,1
81,0060192046,4
28,1886755086,5
6,0764550667,1
86,0750915285,4
65,0696211076,5
55,1558742778,2
68,0060151242,3
91,084234330X,3
86,0915793792,1
45,0590420038,4
96,1401081274,2
80,0786705892,1
89,0140236120,4
23,0782120652,5
51,1550139665,5
5,0002313189,5
89,1565077172,4
78,1558603972,1
99,0932379451,2
5,0449208508,4
53,1558746218,4
47,0816744378,2
29,1864486341,2
15,059044980X,1
49,0704346923,2
38,0140096752,2
65,0425081834,4
58,1903047838,5
37,0136225063,3
91,0974363626,1
19,0762704039,1
70,0425169960,2
94,0006370101,5
36,0060262656,1
66,075640035X,2
24,0394741722,2
59,1565549058,3
87,2266093681,5
83,0671041452,1
41,0553159836,3
37,9813056517,1
66,0895947102,2
98,0553159232,5
64,1560973102,3
64,0571142125,4
40,185697538X,3
68,0140043136,4
3,0812025091,3
92,0062502174,3
90,8440682492,4
92,0870744178,1
61,0812590457,3
80,0679732608,1
66,0440443695,4
65,0451171322,3
51,0515106720,1
67,064619397X,1
50,0844289175,4
83,0684106663,4
72,031226187X,1
70,048627571X,2
81,0863560253,5
76,0140063250,3
7,3123521001,2
70,046087344X,1
77,0879977299,1
78,0517205424,2
43,1569318697,1
67,0373440219,1
67,0373194811,1
21,1575665530,2
56,0516023144,5
45,0553278568,2
58,0140365303,3
59,2253154857,1
89,0553256939,5
41,0451459148,1
37,0879973382,1
50,0448415941,4
87,0345311396,4
72,0515119563,4
55,024111943X,5
67,0060928697,5
82,0553101110,5
75,0373220553,2
32,0140255788,2
37,1892213516,5
74,0553289705,3
98,0671799487,2
5,8481301361,2
46,155166948X,5
95,039472903X,5
45,0812919521,5
35,0812564545,1
76,0345431707,3
67,3813501132,4
12,0821723464,5
59,0895298090,2
15,1569872341,4
6,080694031X,3
81,0515105368,2
64,3502145229,4
5,081671827X,1
62,0201823764,5
12,037570745X,2
80,0312193149,3
39,0805066241,1
84,1929001045,5
51,0805421610,1
22,0905895878,4
79,0207152977,3
94,0802471013,1
6,0373056001,3
85,0226482316,4
7,0939767473,4
84,0786888911,4
45,0590425021,1
56,0553565397,2
33,0751506427,2
53,0671803131,4
20,0856407194,1
76,1570644322,5
68,0030000890,4
34,1861553730,1
22,0590435388,2
44,0312181388,2
83,1564583201,4
63,2266128566,2
42,0671735721,5
4,0446691127,3
96,1558520457,4
59,0553148001,2
86,002042700X,5
92,0156439557,1
6,1563097613,1
29,225302256X,4
3,0312926286,5
31,0689814623,3
98,0380809397,4
31,1562800299,1
38,0399124829,5
58,8811620112,3
86,1400047994,2
61,1572972653,3
79,0843922826,2
60,0877190607,2
21,1594141118,1
48,0312969767,3
7,0816018324,4
43,0385292112,5
61,1585748668,1
61,1566863139,1
60,0671777157,1
37,1853260312,3
83,0689716702,3
42,042518899X,2
20,0671724479,1
17,0394539532,4
53,0812525434,3
40,0439161681,4
72,2841721434,5
12,0807015210,1
80,0749300272,3
3,0671570986,3
55,849500268X,4
83,0155383124,2
64,0671891464,4
45,082173427X,2
55,034017420X,3
42,0553380923,1
67,0688163173,4
46,0373885121,2
32,0425155501,4
4,0029340020,3
34,2831507510,5
81,0439188857,5
78,3404146573,5
26,0393092933,5
19,0671674846,4
88,0060604743,4
32,0373168993,5
20,0060187034,1
77,0803260970,3
67,0425189953,4
77,0892131039,4
57,0805060634,4
1,0804110557,1
74,0786881887,2
40,0671250922,1
11,3775709452,3
59,0307222047,4
45,0440222087,4
64,0913165131,5
43,9501509869,4
15,0520220935,5
40,0307045501,4
88,0451168879,2
92,0860519252,3
48,141842269X,3
74,067145529X,4
92,0789454017,5
22,0886777917,2
55,0771098189,5
51,0821765450,3
48,0312868731,4
21,8401325358,3
91,0515100226,4
10,0590323296,4
94,0704380005,1
83,1556704275,1
51,1563051729,4
46,0743225511,1
16,0671659081,4
34,0140250964,1
31,074991937X,1
77,0809206196,2
36,0397320043,3
10,0449220222,5
35,0312859694,2
89,0833510851,5
10,0451118189,2
25,9627762598,2
87,0070354065,5
99,0394864018,3
16,3351029373,3
56,0892961163,2
57,155615576X,2
71,0515094757,1
26,0743471644,5
93,0075536668,5
75,0373170726,1
60,2831563054,3
94,0888993706,4
60,0679439196,5
69,0413762203,4
2,1555835090,3
67,1931499349,1
13,0807071242,1
64,0671731416,3
90,2894331231,1
16,155017214X,2
24,0609800027,4
50,0500050678,5
24,0670839329,4
79,0062515918,1
96,0672227428,5
78,0590440306,2
82,3150006880,3
41,1851523588,2
1,842072632X,5
43,0843922907,2
15,0590458906,5
14,0352338008,4
53,0590476866,1
49,0345423151,4
67,0756400414,2
3,0441679188,5
56,3423703954,5
32,0375405747,3
55,0440508428,4
46,0963712500,3
36,0156422042,3
31,0380752972,1
89,0446348023,1
17,0061013714,3
98,0671412701,2
71,0595315313,2
68,0764550055,5
89,0449217035,1
1,0440708052,3
70,0451404912,4
71,0373106432,2
18,0373104154,4
80,8807812797,5
24,0698113950,2
35,0812819462,1
6,0395892732,2
5,0066211611,3
37,0553280589,3
23,0140421769,2
14,8486344913,5
94,068721565X,5
22,0525316302,5
81,0915009307,1
8,0871319349,5
16,0312998368,2
81,0141184183,1
3,0374185522,2
28,0679819770,3
58,0452269911,5
6,0525471812,3
40,1555620043,2
58,1562058002,3
33,0688221149,1
65,0671004662,5
90,0553112708,1
90,0451520130,4
70,0060155205,4
84,0515100544,4
15,0226816257,4
81,0671775227,5
37,8483221306,4
17,0553379615,5
65,3895086622,4
3,0449912558,5
75,0373223242,2
99,0373262175,3
2,0375802061,1
97,019431362X,5
76,0690091184,5
10,3404146468,5
94,0688054390,2
61,0553288555,4
3,0451517628,5
78,0961392118,2
63,0373611390,3
9,1572972475,2
73,0439107989,2
44,0440215978,5
30,156280037X,4
33,0451207424,2
22,0671687271,4
30,0743211170,1
97,0880705345,1
83,3257232640,1
87,086020166X,2
22,037361215X,1
20,3499234319,5
6,0133209121,1
49,B0000VZEFK,5
2,2253152331,5
81,0743205022,3
5,0395204453,2
38,3895082503,4
63,0810957124,2
7,0732256798,1
41,0764500546,4
9,0395859956,3
17,0891912444,1
29,044004328X,5
83,0451411382,5
22,0786930276,5
91,0373301294,2
39,0060958669,1
51,0060148454,5
83,1882606426,1
72,0451405218,5
48,3423070803,4
34,0934706093,1
21,038078954X,5
67,8408021192,5
34,0515090042,4
39,0870540785,3
81,1562763008,4
21,0689805942,1
28,0380710994,2
77,1591093651,3
55,0880380551,5
70,158648012X,5
72,0553269399,2
32,0425081028,1
21,0553104624,1
13,0415927196,2
91,0425196828,4
83,3453131576,2
41,156987736X,3
30,0916217515,3
59,0871135434,2
63,0373036566,5
25,0875420915,5
84,0913367982,5
74,8401381126,2
71,0312290802,1
12,1891620835,3
86,0743457781,5
92,0590404709,3
17,0895775417,4
16,0312285558,4
66,037389001X,4
56,0312878702,5
8,0873373693,4
79,0028630289,1
3,0922233012,2
11,006019295X,2
83,0451205960,4
97,0385262183,2
85,0609610546,2
61,0553567535,3
55,2266071661,3
80,3530407895,1
21,0752847201,4
2,0590129309,2
99,0821715526,2
80,077159755X,2
38,0352331844,5
36,0874063981,4
80,1565049314,2
18,0892965614,4
39,0061020052,2
19,0140141413,5
44,0330319124,2
73,072140099X,1
22,0373086989,2
72,0030112648,4
33,0373224818,5
11,1561705667,3
9,0316120324,5
23,0451402448,4
14,0786631023,1
54,0441004652,1
20,2070415147,4
72,0312291213,4
60,0671644351,4
21,0765305623,4
29,3442247276,3
29,1565070658,1
11,0871138654,2
66,0721402712,5
61,0373222556,5
69,0385495323,5
7,0440403464,4
38,0876043554,1
96,0425124916,1
82,0590486454,3
25,0757300243,5
39,0373258127,2
53,0679420010,2
38,3453870301,4
6,8423918637,3
80,0004724097,4
28,0312873085,1
69,3442728010,2
96,0773758038,1
65,3499606607,2
5,0786905328,1
60,0425181200,4
25,2266112465,2
95,0415902169,2
63,0684848228,5
18,1570647119,5
16,0373106890,1
35,0307122670,5
62,1886112002,2
26,0749313838,5
17,1567314295,4
92,0399230416,1
81,1557737657,4
74,0786882891,3
33,0306806428,1
67,3442092868,2
43,0373703481,1
31,0880380772,5
56,156382485X,4
93,0349111146,1
76,0571198643,4
77,067180281X,3
85,1556619340,5
8,0312420145,5
66,0808504282,1
78,0836218582,5
76,0517650843,5
24,0671660713,3
33,8811738377,5
33,0448400936,2
31,0801054001,4
32,0396085385,2
64,3257230923,3
49,0590427202,4
4,1588519198,2
75,0674399773,4
31,1930754191,5
69,0821747169,5
41,1888952806,4
11,094066643X,1
72,0722164475,4
27,0395636280,2
82,0553378406,5
30,0590187325,5
13,0590205498,4
62,0553050664,1
92,0385337701,5
68,0553284959,2
10,0893753351,5
16,044100878X,3
33,0859539822,2
36,0072125616,5
32,1856979369,5
65,0517445298,1
52,1892514656,1
44,370131053X,3
2,0300065809,4
73,0684818868,2
34,037308997X,1
91,0307115232,1
7,2831510201,3
29,3442428785,5
8,0679758828,2
76,0671015958,4
20,0440180651,3
93,000672843X,2
97,0373250665,1
68,340102616X,5
56,0933635648,5
79,3404136721,4
65,0864424272,4
62,1857996097,4
80,8420634085,1
78,0373711816,1
97,1855940183,3
76,1886444056,2
71,1556342764,3
1,0156260409,3
99,0590408828,5
56,0874313759,1
27,2264004630,3
86,0380770237,1
43,0435909614,3
80,0553156578,1
53,0471317519,4
91,0141184817,1
34,8421632787,5
37,0671221442,3
26,0920668496,1
99,0964397056,1
87,0689815182,2
18,0325003262,3
3,0375414282,4
86,0749704209,3
75,0895779005,5
47,0764534149,3
12,0152022953,1
23,8427029292,4
79,0449147517,5
14,0140235795,1
7,0140385533,3
53,8420633135,1
88,0373034628,1
40,0534304796,2
7,0822316730,4
26,8571103216,3
98,3717540114,1
26,1551664690,4
26,0842358056,5
73,059048012X,4
32,0884860981,4
5,3423118121,4
3,1578062322,4
42,0425164136,2
82,014025529X,1
42,0330397435,1
44,1401901506,1
53,0345355768,3
21,2840987643,4
12,059041416X,2
66,006024027X,5
13,8445074377,3
10,0874779693,1
99,0691016852,2
71,0590366769,2
26,084991325X,5
83,0619063114,3
18,0375814612,2
89,1556615345,2
73,0193532220,1
95,0380973499,2
18,0345304403,1
93,1841581402,1
5,1555835597,2
2,0811821994,5
99,0553252437,3
63,0310233445,1
95,0373037627,5
6,0451410912,2
65,0534525075,5
86,0060280050,2
53,0140481850,2
85,0373166737,5
56,0441515495,1
78,0684845296,2
64,3458146180,4
6,037345175X,3
93,0312281528,4
20,0590016555,4
82,0064472639,5
82,0393317676,1
39,0441000290,4
68,0688161987,4
67,0449123758,3
53,0870444514,2
28,0836217632,4
56,0134501721,1
32,0140324763,2
94,0140292314,2
6,0894801554,2
60,1591162297,3
96,0758202822,2
54,0830713840,4
73,0778800229,1
27,0843950420,4
45,0425094561,3
51,0205273823,1
19,0312313446,2
62,8420646059,1
7,0843937874,5
9,087113831X,2
35,0385237723,3
58,0374168253,2
20,0451194969,1
94,0152008829,2
31,0345298233,4
28,068813517X,4
68,9129591384,2
67,0064440370,5
12,0060555653,4
67,1551050986,5
77,1842230417,2
23,0517596334,3
59,0380788985,5
14,0877797099,3
32,0373079109,5
35,0877849390,2
10,0316419141,2
50,0312961359,2
89,0312966202,2
23,0764564420,2
49,0590189751,3
53,0754074110,5
51,0671706659,5
81,0553152289,1
64,0764585762,1
19,0679870253,4
10,0882081225,5
61,1885211953,5
69,0139192344,5
83,2253053686,3
20,0816772088,1
95,0805012745,4
12,0679728244,4
65,0671878697,2
14,0866253092,5
11,0679422587,2
72,042517784X,3
24,0140120491,3
21,0553297007,5
25,0821741950,5
6,0440919185,1
27,1576854000,2
38,0505520869,4
42,0312917422,3
43,0061050792,5
60,0917657616,2
23,3404144317,4
22,0310349915,4
49,1567630553,2
60,0078821231,3
95,1565078616,3
27,0151294763,5
65,0895656957,2
41,003018763X,2
35,0201544326,3
26,0689859066,4
54,0060812494,3
4,0373111754,4
47,1852306203,1
58,0345406451,3
42,0613458451,3
3,0684826984,1
86,0140017895,2
21,0679727175,2
73,0517257904,3
76,0749533358,2
28,0670827320,3
66,9507422374,5
16,1840675152,1
3,0373114508,2
13,0070062188,5
12,0425112020,5
57,0881848018,4
60,0440318688,2
67,0029344301,2
77,0873648897,4
33,0385496117,2
59,0394726316,4
27,3425048465,2
42,031818169X,1
37,0962293725,2
14,0843115122,4
84,0439429889,1
93,0970646852,4
1,1888106492,4
80,0891093702,5
68,1568848587,1
66,0860208672,5
28,0670807796,1
9,0486259250,4
55,0671798790,1
52,0028610954,5
61,0373289995,1
55,0877287627,4
16,0871564599,1
20,0752836951,1
20,193240709X,3
1,0893751030,4
50,0935480668,3
88,0425070514,5
93,0697018083,5
62,0312961383,5
9,0385730810,3
92,1560763191,5
96,8806143034,5
11,0771014899,5
92,0373612052,3
25,0028616375,3
29,3442432723,1
81,206006533X,1
38,3451702525,4
79,0446673803,1
60,0060172185,2
26,0446523151,4
68,0895296942,5
91,3458338616,1
17,0887800726,4
49,067188512X,2
10,3453053192,2
20,0140862137,4
85,0449223914,2
8,0553292315,3
14,082941441X,3
86,0373078048,3
67,0631159282,4
53,0330351389,5
10,0373093594,2
19,0380730766,3
34,0590334913,4
83,0460872656,5
15,0340634944,1
76,0843718366,2
90,0399143335,1
42,0553275380,3
16,044970436X,1
75,0486424502,4
9,0515062863,2
62,0781402786,1
33,0451457269,1
24,0440124905,4
12,0140147292,5
46,052524994X,5
14,0553264982,1
18,1557834091,3
82,0373825099,4
2,0451528239,3
87,0060582561,3
99,2012006701,3
78,0446403687,4
6,0689319347,5
4,1840231874,5
70,0140088784,4
89,068982128X,4
98,0684870630,2
35,0679745130,2
54,1593080506,5
87,0525947949,4
92,0140032827,5
71,0764100408,5
88,1853061832,2
78,3453155890,2
46,0709134207,4
93,0312239238,5
91,0732258413,2
84,3442446414,1
61,0671433032,1
60,0816719284,3
9,0140080368,3
7,0940625997,5
51,0671519115,4
30,344244554X,1
53,0552139459,4
49,067180877X,5
89,1892213796,3
95,0451163524,4
42,1890957488,3
94,3426619121,5
52,1579730191,4
84,0738823953,1
2,0373762747,4
11,1879102919,1
54,0803252072,4
5,0803955677,3
5,0671501917,1
70,284271007X,1
55,055348740X,3
74,0812548159,3
94,0786205318,5
81,0816513074,3
39,8448000412,4
41,0440147123,3
80,060980149X,3
77,3518395335,2
95,0345467779,1
64,0271015586,5
67,0905895835,1
35,0960087621,5
73,1884997074,3
59,0373703988,1
73,1591020751,3
5,0515098809,1
85,0061062685,3
64,0316108243,1
30,0590319329,4
28,0964048310,4
67,0771099843,4
83,0816708487,2
22,0373120311,1
22,0380765802,5
97,037309566X,3
90,0312874995,4
8,0848803701,2
18,051509272X,2
13,044100721X,3
17,0929822005,3
79,0553440055,2
80,0765308924,2
39,0553289012,3
66,0961759976,3
60,059074240X,3
25,0821749641,4
61,0451404467,5
16,8401491061,3
3,0813515874,4
65,0590300695,5
60,0435086634,5
27,3499426846,1
75,0812567560,1
1,0451192087,2
81,0340866594,1
10,0425198154,5
99,0856401927,3
35,0872235181,1
49,2253004057,3
97,0385083181,3
1,0373112386,2
27,0843939478,4
49,0679814299,5
59,0451201132,3
31,0449218562,4
19,0156001128,1
21,006054094X,4
40,0375702776,5
39,0679827684,4
58,156312209X,1
90,0152021345,2
44,1593301235,4
98,0140077103,4
91,0312980329,5
54,0688170331,3
37,0804107572,5
37,0743217713,5
20,0785800433,2
5,0553445960,1
14,0965409848,3
6,8483102161,4
30,1570640238,2
32,002095980X,5
47,0553482149,4
11,0486287424,1
44,0872863719,1
2,0894803646,1
17,1563520486,1
55,8472232484,2
31,0140069135,3
29,0743482247,3
29,2743609176,3
7,0373311176,4
14,2070714470,5
63,0060112980,1
27,0843946229,1
97,0802466257,5
97,0752211307,4
14,0486296954,2
53,044128602X,4
20,3423106123,4
21,0312856989,5
64,0802115810,3
81,0451523466,4
60,0813014913,2
62,0385121229,3
21,0670871931,4
57,0898852404,2
78,074900651X,3
53,030712097X,5
49,2070323609,1
51,2253003646,3
81,0140364501,3
71,0553156594,1
43,0553440616,4
88,0440222788,1
67,0152013725,4
14,0802130852,1
20,0771014538,2
12,0590444026,2
89,0345314301,4
43,0812552849,4
37,0373702744,4
30,0446676489,4
36,0609608568,1
26,1555604072,2
24,157324144X,5
84,0064471810,3
1,3492036376,4
49,8846200470,2
65,0060976756,2
24,1587611198,2
97,0688030742,4
16,0895860848,4
24,0804113157,1
71,0553575619,1
32,0899091679,5
66,0393979016,3
13,0460020137,4
83,0263792811,1
69,0373115571,5
28,1861873069,2
52,0671534831,3
28,2253012556,4
31,0515091790,4
63,0896960773,3
54,0671705725,3
86,0141009810,3
60,0849918154,4
72,0071408398,2
13,157027021X,4
75,0307118223,2
9,0195003225,3
21,0380803550,1
7,0879830689,2
96,156947334X,2
87,0140547126,3
76,2213023093,1
77,2253149799,5
45,0764110764,3
32,085124582X,5
2,0140366857,1
56,0373832613,3
60,840141850X,1
13,0133342026,4
98,0373121997,2
11,3442750180,3
78,044187486X,3
24,0312206062,2
96,0829405097,5
47,0671674617,4
77,0679456538,5
59,1570829446,5
35,0451147383,3
89,1559711574,5
11,0500680019,1
10,0525246215,4
50,0140621113,1
11,0312965176,1
55,0061030066,5
90,0706426517,4
95,0130400327,3
11,0030547032,3
54,1576739694,1
66,0140283374,2
52,0060911247,5
60,2070422496,4
67,3100660250,1
11,0881503487,4
54,0553067966,4
13,1864470356,1
47,0880991690,2
42,1840240024,5
39,0373790708,1
21,0802136354,5
82,0670003298,5
56,1840462493,1
96,0807609579,5
13,0553483749,1
72,1576737365,2
8,3442429439,1
11,0132309963,1
29,0810919745,1
22,0140051716,2
91,0553348094,3
94,0864421117,3
2,155297622X,5
37,0871138174,2
10,0882667955,5
40,9050180213,2
4,037325525X,1
92,0809239701,2
62,0805022929,3
13,0471897000,3
50,0771054602,1
91,0812567129,1
10,1858547199,2
35,0886464560,1
37,077832009X,2
18,0932238327,5
61,0312966695,3
94,0077092295,2
57,0446362220,3
41,1593080719,4
69,078389290X,5
94,0835904288,2
27,0439544165,4
38,0471345342,1
19,014008827X,1
10,0471155535,3
47,0821756370,5
88,031285501X,4
48,006105691X,3
61,1551662469,1
74,039330938X,2
94,185015645X,4
83,2070301028,2
69,3442435137,1
52,0743228316,5
85,0340338733,1
30,1858284724,2
28,0803798962,2
14,0028641477,5
38,0789488914,2
56,0803277660,4
69,0310243157,1
14,0762724579,5
20,0373613733,3
82,0140512772,2
2,0525485171,5
21,0708901190,2
92,0006640680,3
9,067173573X,5
74,8501012076,5
95,0385730586,3
90,0842319476,1
51,3404920392,5
32,0452270804,3
44,0805050981,5
50,0373484828,4
90,038081563X,4
30,1886360065,2
71,0373288220,4
90,0670893013,2
40,0672314835,3
17,156476706X,2
20,067989456X,1
73,0425051773,1
29,013242066X,3
97,0306809982,5
12,0553446037,4
64,188954082X,3
88,0471191744,5
95,0373484771,1
33,0195146905,1
28,1552783758,2
74,0896938174,4
66,2207505618,4
31,0842351027,5
7,0373898525,5
97,0380811820,1
42,0091828724,1
21,0802774733,3
99,0886775523,1
77,076456675X,3
50,0064407233,3
93,0590452347,2
62,093706419X,4
31,0394471997,2
53,0671610023,1
71,0070064504,4
11,0449245004,2
56,0434877905,3
44,0898796334,3
27,0071382283,4
92,0679742301,1
47,0553256491,2
49,0425141454,1
89,0684803682,2
65,044918319X,5
40,0310241448,1
10,0373289413,4
29,0875421229,3
26,0747527946,3
34,0671735977,2
13,0373708483,1
24,0764802011,5
9,0812510437,4
92,0061013579,1
87,0192829270,4
22,0862999278,3
83,1560769114,2
86,0070390770,2
85,0679865705,5
91,0671023195,2
98,345313172X,4
6,1558851348,1
26,0879612312,2
99,342320575X,5
74,0590537431,4
15,0821752979,4
15,0345428153,4
74,1844540634,5
83,0747249563,1
73,0373243197,2
81,093527829X,5
54,1559213345,4
12,1594140839,3
88,0140311998,2
86,0515097667,3
98,0670868035,5
62,189062635X,2
42,0765303698,1
26,0671648136,1
99,0684869128,1
85,0934047049,4
76,1863962387,5
46,0393046990,1
23,0030981913,1
19,0060934131,1
21,0373280076,1
48,0446530336,1
27,0140039643,4
37,0879518561,3
79,0373032862,3
54,0451407539,2
86,0373709536,3
12,1565843428,2
1,0070691967,2
20,0373291213,4
94,0061096091,1
11,0889841497,3
16,0843735112,3
76,0061001473,1
6,0192141872,1
58,0688167799,5
36,0747526036,4
45,0853301239,1
63,0803707584,3
14,0152259503,3
98,158743055X,2
37,0812542894,2
7,0743239628,4
91,0671423762,5
57,3423127945,1
33,8433966901,2
86,0821718037,4
39,0333214692,1
50,0505525526,1
91,0553073273,1
41,0553289454,3
47,1931628157,2
47,0892562196,3
77,8475229816,5
70,0446942065,5
8,3442726921,1
23,0553265741,2
40,0156007517,2
74,0691007640,1
39,0385335377,2
69,0671728598,4
65,0553570676,2
24,0688080235,2
52,0762404132,5
83,0781730996,4
38,0373055447,4
37,1858132150,3
86,3423013818,2
47,0373630018,5
90,0671041673,5
60,0140621768,5
19,0373052596,2
94,0832626236,2
6,0552134864,2
15,0816735263,4
27,0451450124,1
16,3423124288,4
67,0452275660,2
40,3800315637,5
5,4770020686,4
4,0596001584,5
1,0373217307,3
55,0849934176,1
12,0786220295,4
38,0751524379,4
5,2080703358,1
45,0312950063,5
79,1573928062,5
2,0892720166,5
10,3426622203,2
27,0451152190,1
29,0140161627,3
13,0140432256,2
71,0590337483,2
50,1877003077,3
94,0590426605,4
72,1898323704,2
52,2253172650,2
98,0801654645,5
68,055305791X,5
31,0679742042,4
42,0671546988,5
9,0590540858,1
21,0553289845,4
94,0061083275,1
63,087116146X,3
77,1564583236,4
73,3462031287,3
54,0397011695,1
6,0486227383,5
46,0385152442,4
95,0452254132,1
81,0679434380,1
18,0345305221,1
15,0373084005,4
79,0553149733,3
30,0374327734,5
67,2277332828,1
69,0971220603,5
75,1565840003,3
81,0152985727,3
74,0963641328,4
11,0879234822,4
21,0761116249,1
27,0449126102,1
19,1852307749,1
68,0671670875,4
25,0713910283,2
10,0898797268,5
30,0385485174,3
74,0380976803,4
51,159182396X,3
55,0671870688,1
28,1883846412,3
86,1857023595,5
10,0060922761,3
37,8483105357,3
11,0843951575,2
68,1584855215,4
98,0451523512,2
80,0385336713,1
81,0373020961,2
78,0813338638,3
70,0062515802,1
49,0486409511,3
23,082172617X,2
17,0684832356,3
60,1552780937,1
14,0842504699,1
81,0061065927,4
89,0849942195,4
72,1580050565,3
37,840133084X,5
82,0671527339,2
95,037325363X,3
31,0373709439,1
13,350251884X,1
32,1870703715,2
62,1550135589,2
37,0688104975,4
44,067003052X,3
14,0590849069,5
66,0966268326,5
23,084236899X,2
39,0385127324,3
43,0670807672,1
94,0967742013,3
56,0807821209,5
43,084394370X,5
22,0892816244,5
88,0132963930,4
34,0064408639,3
39,0743470621,5
66,0312313616,1
63,0672308851,5
26,1558501096,1
8,0671494198,3
32,3524690092,5
47,0140061258,4
82,0440057256,4
88,1586639315,4
41,0934878889,2
90,0895770784,3
15,0312271212,5
36,0460008005,1
58,0285636391,2
8,0812520556,5
97,0553586564,2
94,0671007165,3
5,0689857721,5
47,0451206002,2
58,8481091642,4
28,0553482777,1
42,0806511532,5
73,0840742843,5
1,0812040481,1
79,0671689568,5
81,0373638086,5
29,0787109363,1
18,0843933194,2
43,0843934344,4
79,0440403006,3
24,0385480334,1
92,2070364321,4
75,0590465104,5
49,1573221449,2
48,0141183365,4
42,0135145554,5
20,0373764251,3
46,0449222802,2
14,0395216257,3
57,0373243294,5
32,089296538X,3
7,0262122634,3
14,0805424822,1
19,087728704X,5
83,0684831651,5
20,0312268815,1
2,0805019707,3
91,0688125948,1
10,0061082139,2
68,0830820434,1
47,0451621190,5
60,0425187365,1
7,0373052588,5
25,014025580X,4
38,0374310904,1
84,0393302644,4
9,8478446761,2
13,067174402X,2
41,0385729340,1
69,1586420038,4
28,0195128737,4
76,0373074565,5
26,0679004262,1
6,0375421734,3
45,1559362324,3
91,0399504826,3
94,0521379253,4
56,0671662589,5
63,0962435805,3
51,2266095536,2
27,0373108141,4
38,0812967054,1
9,067170818X,4
15,3559351170,1
85,0451926897,3
12,0831721820,3
71,0689828306,2
20,0307302822,3
49,0140094210,3
56,156138061X,4
6,0060928026,2
90,0151885354,4
62,0884949494,1
46,034061806X,1
63,0590355864,1
2,0192822098,1
69,0553576054,1
87,0312878222,1
61,3426621770,1
66,3491711061,1
52,0679730230,1
82,3442352525,5
71,0773727418,5
3,0201490889,3
22,0440146291,2
66,0760702268,1
2,1577940040,2
43,0679404597,5
19,0373078986,3
15,0679034528,4
68,0130094021,4
92,1565049713,4
14,0451459121,1
10,0070265704,1
71,075380445X,4
84,3596128099,4
19,0879725109,2
24,0679740678,1
29,0553569732,1
99,0061099309,3
42,3404144538,3
37,033034692X,4
72,0449233383,3
12,0821409786,3
33,0345428609,2
32,0393968812,3
4,0942257197,1
93,0821710346,4
1,0919345557,4
22,0061030953,2
68,0888782586,1
50,3453146050,3
92,1931646414,2
52,037327243X,4
37,0553212583,5
9,0805462643,5
79,0486283275,2
11,1570624933,2
70,1578151023,2
88,0312964765,1
92,0373711255,2
65,0803748590,2
52,0070564213,5
10,0676901549,5
39,0679729968,4
58,0373802021,5
25,0394826817,4
88,067175145X,1
34,0006909159,3
69,0385417993,2
34,0061032417,1
37,059044509X,5
21,0954290100,2
57,0373109652,3
82,0449905667,4
6,0709147015,5
79,0316110477,5
23,0195016165,3
85,0373226330,1
73,0849906555,3
55,0689835973,1
96,3423202734,2
9,1580630103,3
99,0810957256,5
55,1575661195,3
20,0445031174,3
58,039534400X,2
51,055358295X,1
26,0786882689,1
99,0316890669,4
94,0385046170,4
70,0312717415,3
19,0446672858,3
11,0449145956,2
80,2253005266,1
32,0440940605,2
6,0006617999,3
29,3478088240,4
33,0721451438,5
21,0787202282,4
42,0142003204,1
36,0761511059,4
90,0889782253,5
38,0747401527,1
79,2265017302,1
81,3442726328,2
60,0446603805,1
21,0789722062,5
56,0590428519,4
71,087044574X,3
62,1558850945,2
56,0312879016,1
7,0888994168,3
82,0553095528,3
52,0553298569,1
31,1878867067,3
92,0436412144,3
56,0195050266,2
25,0395798671,3
99,0805004270,1
59,044921950X,3
6,0786712317,3
23,0811212971,2
68,0140262474,3
96,0439104645,5
84,0399508031,2
62,0812909011,2
45,0821747223,3
98,1556223919,3
3,0821754246,4
7,1878327097,4
70,0962860808,1
88,0671706500,5
38,3872947796,1
4,0399142657,5
55,0140386203,1
90,0688152880,3
42,1860463614,1
1,0816733872,2
96,0781805678,5
37,0736908773,3
97,0345371135,4
95,1899988548,1
92,0440203945,2
94,0553267000,1
10,0060262656,1
61,2253060348,4
14,0821761994,4
50,0373273045,3
91,0399142436,4
59,0330335278,2
4,1558213120,5
75,0140386955,3
94,1578151910,3
21,078686219X,3
64,0435989553,5
56,0964746514,3
21,0789484250,1
11,0553226665,2
33,0452280745,3
39,0452259150,2
3,0141314451,4
20,0006145922,4
46,0007160003,3
83,0312968140,2
29,1591290562,3
55,0300097417,3
37,0307157679,5
59,3746615984,1
89,0785263535,4
30,0525474757,1
70,1558172424,1
83,019280037X,5
40,0340364610,5
53,0688083099,2
92,0439337992,3
54,0812548191,4
35,0312150946,1
21,0486244423,3
30,0553569945,2
53,0867095024,2
48,0671654098,2
7,0380789973,5
54,0307129411,4
62,0198609418,2
93,0313305714,1
94,0883965275,5
1,0684863162,2
70,0060722282,1
82,0312962436,5
16,1879360365,3
26,0394710231,4
81,0373280165,5
79,0941263002,1
20,014028530X,2
50,0375501509,2
59,0670032387,5
43,3822805548,3
42,0812042816,2
83,0416368107,2
53,0307231240,2
84,1884910459,2
91,0452275091,3
8,0972869263,4
38,0671692879,4
24,3551580820,5
23,0525457798,5
23,0811816486,4
32,088982066X,4
52,0440168449,5
23,0451450213,3
18,0671721771,1
84,0821757660,3
58,0312114869,2
16,1568217463,2
8,0671527126,5
80,0743500547,3
32,051510793X,4
43,0380800233,3
82,0373033818,5
14,0316777889,4
30,9500417960,2
70,0505515253,1
35,0525447083,4
20,0670880825,5
84,9707100397,5
58,3424009288,4
31,0553492330,2
53,0198691793,5
33,185958182X,3
6,0451456106,1
69,1571021078,5
29,0817309012,5
20,0373511639,4
35,0782125352,4
80,0385720815,2
2,0201696517,2
26,0330391003,2
18,0941255298,2
11,0312195567,5
77,0786889470,2
7,3453196015,3
47,0028981332,4
26,0743458214,3
15,0425110427,1
67,0964303558,1
75,0670059102,4
33,0743504445,1
47,0940322234,1
84,3770170482,2
77,0896217965,1
43,0517588455,4
49,0373223609,2
57,0789713888,4
27,0749930004,3
55,0882778749,3
23,0880885947,4
24,0310977797,5
95,0140327770,1
75,1931697183,4
75,0451527011,5
50,0809206196,4
46,0786866470,5
11,0345358937,3
14,0823046419,3
86,0312869592,5
97,0974587109,4
29,0613254643,1
43,0763802506,2
84,0453008526,3
69,0385264151,3
1,1400035007,5
8,080213968X,2
64,0964299186,1
38,0590975986,1
88,3473520608,5
1,0786930128,2
32,0439250552,2
5,0709169329,5
65,0814908160,2
70,1413704271,2
1,0929264576,1
81,0312018525,5
52,0029344379,4
71,0465026567,4
50,1556612923,5
19,0394549236,5
56,0440209137,1
55,0451115031,3
68,0312142765,5
21,1556560826,1
97,0671568612,3
96,0471165204,4
61,0451125576,5
10,0743412931,4
10,1875559620,5
89,1400060486,1
49,0140100474,5
49,0517464233,5
90,051752032X,3
96,1863734627,2
88,0827348916,5
34,0394850467,3
95,0800783638,1
95,0865473269,3
24,1861000863,5
55,0870947559,2
72,0553276700,5
76,0812520629,2
44,1400040272,5
12,1575664631,5
30,1570711720,2
99,0486413020,1
21,0471517429,3
57,0906391881,5
5,0765306824,5
10,0895774194,2
21,0766184900,3
78,3423108916,1
92,0373510373,3
12,0373026234,5
29,0030018897,5
62,0394755685,2
14,0425110915,3
78,0671726196,4
47,2203105682,2
66,0345447549,5
40,0534562590,4
45,0770421008,4
80,0394741447,4
98,0192842005,1
59,055328536X,3
22,0671626256,5
14,0553241532,5
8,0061020443,1
96,0890879451,1
19,0679885471,5
97,067121280X,5
47,0852234333,3
6,0590319914,5
91,015100806X,4
53,044050676X,1
73,0201113791,3
56,0060956860,2
75,1569470642,2
20,8489163669,5
44,3404131037,3
30,0385264178,2
40,0140174397,5
80,1570643741,5
49,0316294748,1
78,0590847740,5
14,3442760364,1
85,0330200461,5
19,8434837978,4
11,0441008569,2
88,0760831971,1
67,3525603460,2
65,1878257447,5
45,0374382360,4
24,0762103973,1
79,1563262541,1
10,0894790285,3
82,0553289446,3
33,1568361041,2
6,1555472508,4
32,0671002511,2
75,0679747885,3
8,0969428766,3
71,0312265743,2
75,0375500332,1
73,0553294628,1
35,0312966121,5
68,0373709455,4
90,1563331578,4
8,0874778255,3
56,0821762923,3
94,0698105788,5
29,1929998171,3
73,1853262439,5
19,0671730827,5
46,0899195199,4
76,0671827936,4
63,0345392485,3
26,0553233432,1
49,1560765828,5
60,0385319452,2
38,0375757023,5
77,0380793482,1
4,3492203582,3
12,1852305029,2
50,0851167837,2
82,0517588641,4
92,3822864153,3
26,0553482483,2
55,0373079710,3
62,0743474635,2
27,0811814238,4
52,0072398329,2
57,0553110144,2
91,0802110770,5
48,0721499279,2
88,0789724073,3
71,059565973X,5
45,0590762273,1
83,0671681419,4
11,2290316962,4
65,342311360X,1
87,1590030133,4
76,0451457269,5
70,0002325780,2
83,0451179714,4
83,0373387040,4
62,0195160932,2
37,0449219496,5
9,044651442X,1
44,0883965046,2
50,0385415028,1
18,081256166X,2
80,038097584X,3
6,0061007188,2
2,0895656795,1
60,0380780860,1
52,0553232207,2
82,1558701311,4
62,0710502168,5
94,3404128168,3
25,0785271465,3
22,0439155169,2
79,0935696873,2
29,3401026011,1
72,0896380637,1
84,0671709410,2
81,0735605947,1
13,0743243110,4
64,0590339656,2
8,082176120X,3
12,0806517956,2
5,0749728272,5
37,0486237745,4
10,2290310514,4
66,037312404X,1
91,0609807374,3
1,0747538581,2
37,0373764359,5
5,0671724827,3
97,0321049314,3
78,006020186X,1
10,1555535119,4
61,0312420927,2
89,014007659x,1
56,2264001151,4
24,1558172785,3
27,0879831936,4
44,0380871556,2
12,0451168445,2
86,0821735829,4
98,0840731884,1
48,0836218698,5
17,1559361190,1
91,0590329243,2
16,0939149222,1
98,0912500514,2
94,1591883083,1
67,0664258131,5
9,0600335410,4
72,0064472787,5
82,0515099511,5
88,0964392690,2
15,0440506158,5
17,0679447954,2
70,0439177006,3
95,0803921268,4
16,0373244908,4
63,0747233365,5
38,0802712436,4
60,0785338985,3
5,0446520241,2
8,0451453328,4
23,039534431X,3
63,0451164083,5
39,8481300543,3
10,0890878986,2
37,0897335163,3
29,3426624680,5
60,0679462988,4
6,093158096X,3
3,0806905530,4
84,0449213064,5
73,0553155652,2
1,0553440268,3
52,0452277507,2
73,0743477367,3
10,0886466075,2
65,0139841709,2
4,0515111597,2
2,1556706464,5
1,0785261958,2
15,0553492586,5
58,0425105466,4
47,0060134046,5
4,0595131069,3
79,0953327515,2
66,0525669183,3
83,088150193X,3
20,0451404645,1
18,4770028083,1
42,0746001029,5
17,0882845284,1
54,0590477374,1
9,0553155822,5
46,055305838X,5
74,0060548347,4
10,0394747623,4
26,0670490032,5
2,0373702078,4
17,0899002064,2
99,0449906213,4
23,0152941037,1
30,0815315635,4
74,0682490679,4
78,189609595X,5
23,0813342821,4
33,1418422983,5
70,0312145357,5
76,0743507037,1
59,0590660543,2
67,0007123760,1
22,0590431463,5
32,0066620996,3
37,037302441X,3
46,0449220664,4
68,0399128158,3
90,0440526809,2
21,0689500882,5
66,1859847943,4
86,0743201299,3
32,0425101533,3
93,0140046917,1
82,0892365986,4
80,0862420709,4
45,014020220X,1
20,0689855583,4
98,020802249X,2
14,0312983484,4
31,3764360895,4
28,8408043285,3
95,006100684X,1
63,0451459415,2
90,0373705581,5
19,0854870466,2
16,0521095034,4
41,019271757X,2
86,1857701313,5
20,0679432922,5
19,0385298722,4
9,1589820568,2
94,0440407591,2
80,1570711593,2
77,1888444371,5
43,0374504938,1
44,0593013689,2
34,0816738254,4
64,0765342979,4
61,0590402404,1
80,0333290585,1
93,0373621035,5
14,0679748296,5
22,849759617X,5
65,3895084557,4
80,0821772015,4
99,0006542050,4
92,3129200525,3
62,0870403834,5
67,081180299X,1
44,0061013315,2
54,055329315X,5
75,0515114804,1
65,0971880107,3
91,0375422692,5
37,0553234722,3
21,0345420438,4
40,0385232608,2
18,1562920332,4
20,0821749005,3
35,1878739794,4
92,0130486094,4
11,0373224001,2
50,067102731X,2
52,0590425013,4
48,0061000167,4
17,0805044507,4
75,0385420870,3
96,0965746828,1
63,0373483317,1
37,0525374809,1
83,0156870118,3
98,0671023535,4
53,0140430024,1
94,0746015798,5
76,3518122924,4
61,0939680556,4
97,3498000616,2
67,0373240376,5
15,052594544X,3
45,0380790424,1
71,0892819049,1
24,0590448242,3
29,0373226632,2
95,3492225241,5
28,0435271547,3
73,1582431469,3
64,0375503110,3
51,1888869054,5
55,1883523230,1
78,0425085317,5
10,0801409918,4
84,0441942547,1
14,0393963578,2
78,0671702432,2
20,0312971478,4
21,0863581315,2
44,0439178770,3
24,0450561968,2
25,0874313422,2
88,0310248809,5
24,0812555376,1
53,0380791617,4
52,2070362604,5
42,0449903486,3
65,0834802783,1
77,0066620503,3
31,3786717931,3
47,0525945245,5
6,1575666766,4
96,0937295019,2
22,0553219006,3
51,1569245649,4
20,0785269487,4
70,1560766700,1
98,0060245425,3
63,0877191026,3
76,3462032283,3
59,0679016791,5
98,0312313004,1
65,0789488833,4
68,1578511437,3
2,186508347X,4
71,0442038054,5
12,1402200579,5
64,0876666810,5
66,055344199X,4
34,0441001963,5
41,0140083464,2
29,0679873163,5
57,0195136292,1
83,0310240085,1
8,0590471368,2
58,076455347X,1
7,0198604602,3
64,0859533239,3
42,1585745642,2
10,0883682052,3
37,0812505158,2
51,2070383652,3
49,1891620800,3
43,0809228912,4
79,0613254643,5
43,981045645X,5
98,0553077724,4
64,0671047450,1
22,0375406492,2
40,0140014845,2
33,0932592120,4
98,0671700375,3
86,3293202365,2
64,0898150469,3
30,0449217213,1
44,1566191645,4
45,188491019X,4
2,0413602303,3
38,3499226448,4
36,0060250712,3
45,0895656884,2
73,0671563289,1
70,0486287246,2
47,0590445111,1
82,082176859X,2
78,0425156966,1
15,3499139030,2
26,1853261181,4
90,1862044414,2
48,0891906215,3
98,0394710061,2
29,0852442009,5
66,0312902174,1
69,0061054712,4
45,0671633252,1
42,0061083372,3
30,155611320X,1
80,0553156330,3
50,0070409781,5
40,158542269X,5
34,0807114103,2
99,0801662842,2
46,0312204469,3
2,3453149874,5
81,0872201589,3
93,3453869664,3
33,0809294788,3
76,0553244930,1
74,8470398458,5
5,0425198022,1
38,0670847682,3
54,0806986719,3
58,0060540664,3
52,0805014543,4
70,1929462093,5
11,068931874X,4
91,043945543X,3
13,1854716190,5
34,0446607339,5
73,9684110375,4
11,0721450865,1
86,0671723421,2
50,0931055881,2
56,0875963366,3
28,014025787X,5
23,0132924439,5
22,0440418526,2
1,3896670964,4
1,0821737414,4
10,0441008585,3
20,1851585567,4
37,1893956148,2
67,0895265044,4
19,0689707045,5
59,0553762958,3
96,0395744180,3
43,2264013281,5
69,0931993717,3
12,0451451503,4
97,0425096440,4
64,0515132284,3
62,0452281148,5
12,8426712266,5
36,158663609X,5
26,0831710349,4
36,037376121X,1
65,0142002968,3
12,0688165125,2
59,0205126987,5
65,2020058715,3
24,014017804X,5
59,0804105537,2
70,0933598173,3
27,0871315173,5
7,031483981X,2
34,0060264764,5
55,8085128829,2
98,0002177803,5
97,0670835609,1
64,0395528151,4
68,0517180871,1
84,0786816236,3
53,1586851721,3
71,0440200741,2
21,2080648543,2
93,088184277X,1
73,0345372085,4
36,0394820371,1
75,0822053098,5
46,0140513221,4
52,0689840799,4
9,0064472361,3
28,0471507725,1
3,0061040622,2
33,0425143074,4
36,0307602141,4
77,0525452559,2
25,0935906037,3
85,0515135984,5
94,0395877474,2
59,3257209266,2
92,0590523325,1
6,0764223771,3
91,0440208610,4
54,0970335539,5
48,0451197941,3
69,0136084141,2
21,0590262173,2
63,0864426410,4
71,0809230127,2
27,039921349X,5
13,1561583197,5
76,0553113828,5
52,0786860936,5
10,0060159723,1
56,1582615489,3
54,0151910790,3
8,0553240455,5
44,0373241771,2
12,0749931566,4
54,0345359445,3
51,0275958132,3
76,1568843224,5
94,053436554X,2
92,0871138700,1
95,8420646636,5
45,3548234100,4
39,0671411039,1
39,0393323366,3
31,0425142442,3
17,0962860808,4
99,1555423647,2
76,0425049981,5
23,0380703866,5
37,0393088286,4
11,0345463269,1
28,0393036596,4
27,0821765353,5
20,8817661031,5
61,0198605722,5
70,3548750230,3
68,188817336X,5
46,0671684035,3
55,8408027867,5
78,0765301687,2
99,0553070835,3
96,0345416627,5
23,0688151078,5
92,1567921760,5
38,0312979630,4
26,3404203135,3
29,0896596087,3
37,0517189674,1
73,0882890794,2
7,0679777601,5
25,0486408760,3
61,0060191015,1
2,0451146069,1
22,0688045073,3
98,0060924993,2
56,0671741519,3
38,222889401X,2
60,0553483471,3
24,0821750712,1
24,2920845551,4
10,2266023136,2
12,039307532X,4
73,3442123852,4
88,8402057349,2
18,0671709240,1
49,1568654979,1
59,0812549481,2
71,0553113755,1
60,0060507322,5
96,0670883476,4
32,0671023438,5
87,0882709496,2
57,2859408517,4
88,0140083197,2
45,039913557X,1
49,3404129067,1
58,2894642067,5
87,0307100758,5
30,084394000X,5
14,0743453913,2
37,087518426X,3
4,842061436X,3
41,0743464915,2
58,0373258356,4
66,0836278739,3
1,1865081175,4
23,0441005535,2
95,1576736393,3
23,1562470760,1
20,055324552X,3
87,0373252986,4
96,1563899760,2
53,078686236X,1
65,0696012405,5
64,084313819X,5
48,846630651x,3
28,8488947232,2
8,0945575432,5
66,0603550282,4
46,069811633X,4
90,0786919493,4
37,0824817168,4
97,081616665X,3
45,0689809468,5
83,3499121123,2
46,0373835655,4
31,840147812X,3
42,0373120850,3
23,0002251760,5
57,0590674528,4
85,0192834037,2
12,0679766626,3
28,074723003X,2
41,155597287X,3
79,0670032786,2
17,0446307041,5
70,0374311900,3
90,0918949890,5
51,0806938927,4
63,0786500557,1
40,8477272905,3
6,1584110295,3
51,0600572293,5
50,0001046438,5
95,0590460129,1
71,1861002688,3
51,0671657380,1
81,0964852683,2
1,0553244965,3
87,0505523582,2
40,1570640807,2
15,0060638451,2
96,0723229988,5
53,0140351027,2
60,155166271X,5
88,0064440486,4
96,3442453852,5
32,0440222826,5
7,0394722973,3
96,0812545222,2
11,0877736537,3
12,093049248X,4
89,0843941219,4
25,3442452708,5
16,1853264210,3
20,0385721463,3
9,0842307303,5
79,0679873171,3
48,0862997488,2
59,0023933410,2
74,0753810557,5
77,0904265218,1
59,0517072289,2
86,0373036868,1
36,3593368935,1
7,0835605639,1
18,0440406404,2
40,0060177500,5
49,0226204774,3
15,3548245625,1
1,1883642485,3
69,052341319X,3
56,0517526433,3
26,0553378929,1
60,0441003850,3
54,0778320855,3
90,0300034024,3
70,029595289X,5
37,0440211514,4
85,0812555333,4
80,0373704038,1
20,0449131548,1
88,0679741488,5
5,0451406443,5
10,1563054671,5
5,0802139744,2
35,0842357971,1
51,0060006781,2
54,0751533831,1
12,0345407881,1
45,0373029608,3
52,0449128881,1
50,0590404954,1
80,0370324242,2
89,096315320X,4
88,070905260X,3
90,0839300026,2
36,0679743243,3
14,0786911905,4
18,0060226145,2
34,1555472109,3
37,0451151534,3
76,0831769750,2
64,0590323911,5
72,1401020925,2
79,0425085279,1
85,0446609870,2
3,3789142271,5
26,0060183373,1
18,0553279688,5
75,0862415330,4
16,0671578588,1
35,0460878247,1
3,0767903811,2
10,0373163142,2
62,0380973944,2
1,1902012089,5
72,0345279689,1
23,0380791455,3
99,0380624303,3
13,0887621228,5
45,0563364823,3
84,0553440772,2
21,0373072686,1
90,0553347349,5
75,0723000700,3
21,0441008992,1
90,0373033192,1
22,0752851950,4
52,0670889482,1
46,0449213307,5
68,0749301015,4
2,0875427421,5
5,0810929570,2
68,0600586898,2
48,0821743554,2
27,0590508350,3
22,055314295X,3
83,0312314655,4
73,0316009105,1
57,0882666355,1
23,0590036394,5
97,0953057526,4
81,1573221252,4
85,0807067806,4
37,0895871939,4
5,0064471063,4
56,0312071159,1
97,0373240031,2
63,0595207146,4
1,0307130754,4
28,0593039017,3
66,0440226384,4
53,0132926903,4
24,8476001460,2
97,0373763212,4
58,0671675427,3
17,0399550003,2
58,8472234339,1
93,0553405098,3
63,0749930667,5
54,0744554160,1
31,0312170513,3
33,0380713012,1
59,0307119904,1
52,158668129X,5
1,0771044518,1
15,3829029780,1
62,1887006036,5
46,0525935622,3
13,0226065537,2
1,019553123X,4
53,0671621955,4
47,037309440X,2
87,0816716528,2
78,0373025114,3
48,3453160428,2
68,0874496780,5
98,0764122967,4
1,8472234363,3
99,1591160030,2
9,0394746562,3
81,0440863805,3
81,1570644810,2
52,0316734500,3
89,8449410851,2
81,1887354271,1
79,1562054287,2
50,0778320022,1
37,0875163017,4
32,0375811729,1
17,1559635339,5
86,1859670741,5
19,0787232599,4
1,0316650048,3
